2026-04-06T08:33:44.518+02:00  INFO 15212 --- [apijson] [main] org.example.apijson.ApiJsonApplication   : Starting ApiJsonApplication using Java 21.0.10 with PID 15212 (C:\Users\gvega\IdeaProjects\ApiJson\target\classes started by gvega in C:\Users\gvega\IdeaProjects\ApiJson)
2026-04-06T08:33:44.529+02:00  INFO 15212 --- [apijson] [main] org.example.apijson.ApiJsonApplication   : No active profile set, falling back to 1 default profile: "default"
2026-04-06T08:33:46.076+02:00  INFO 15212 --- [apijson] [main] .s.d.r.c.RepositoryConfigurationDelegate : Bootstrapping Spring Data JPA repositories in DEFAULT mode.
2026-04-06T08:33:46.159+02:00  INFO 15212 --- [apijson] [main] .s.d.r.c.RepositoryConfigurationDelegate : Finished Spring Data repository scanning in 67 ms. Found 4 JPA repository interfaces.
2026-04-06T08:33:46.765+02:00  INFO 15212 --- [apijson] [main] o.s.boot.tomcat.TomcatWebServer          : Tomcat initialized with port 8080 (http)
2026-04-06T08:33:46.784+02:00  INFO 15212 --- [apijson] [main] o.apache.catalina.core.StandardService   : Starting service [Tomcat]
2026-04-06T08:33:46.785+02:00  INFO 15212 --- [apijson] [main] o.apache.catalina.core.StandardEngine    : Starting Servlet engine: [Apache Tomcat/11.0.18]
2026-04-06T08:33:46.860+02:00  INFO 15212 --- [apijson] [main] b.w.c.s.WebApplicationContextInitializer : Root WebApplicationContext: initialization completed in 2247 ms
2026-04-06T08:33:47.116+02:00  INFO 15212 --- [apijson] [main] org.hibernate.orm.jpa                    : HHH008540: Processing PersistenceUnitInfo [name: default]
2026-04-06T08:33:47.203+02:00  INFO 15212 --- [apijson] [main] org.hibernate.orm.core                   : HHH000001: Hibernate ORM core version 7.2.7.Final
2026-04-06T08:33:47.875+02:00  INFO 15212 --- [apijson] [main] o.s.o.j.p.SpringPersistenceUnitInfo      : No LoadTimeWeaver setup: ignoring JPA class transformer
2026-04-06T08:33:47.924+02:00  INFO 15212 --- [apijson] [main] com.zaxxer.hikari.HikariDataSource       : HikariPool-1 - Starting...
2026-04-06T08:33:48.538+02:00  INFO 15212 --- [apijson] [main] com.zaxxer.hikari.pool.HikariPool        : HikariPool-1 - Added connection com.mysql.cj.jdbc.ConnectionImpl@4e030feb
2026-04-06T08:33:48.540+02:00  INFO 15212 --- [apijson] [main] com.zaxxer.hikari.HikariDataSource       : HikariPool-1 - Start completed.
2026-04-06T08:33:48.636+02:00  WARN 15212 --- [apijson] [main] org.hibernate.orm.deprecation            : HHH90000025: MySQLDialect does not need to be specified explicitly using 'hibernate.dialect' (remove the property setting and it will be selected by default)
2026-04-06T08:33:48.672+02:00  INFO 15212 --- [apijson] [main] org.hibernate.orm.connections.pooling    : HHH10001005: Database info:
	Database JDBC URL [jdbc:mysql://localhost:3306/apirest]
	Database driver: MySQL Connector/J
	Database dialect: MySQLDialect
	Database version: 8.0.45
	Default catalog/schema: apirest/undefined
	Autocommit mode: undefined/unknown
	Isolation level: REPEATABLE_READ [default REPEATABLE_READ]
	JDBC fetch size: none
	Pool: DataSourceConnectionProvider
	Minimum pool size: undefined/unknown
	Maximum pool size: undefined/unknown
2026-04-06T08:33:50.028+02:00  INFO 15212 --- [apijson] [main] org.hibernate.orm.core                   : HHH000489: No JTA platform available (set 'hibernate.transaction.jta.platform' to enable JTA platform integration)
2026-04-06T08:33:50.653+02:00  WARN 15212 --- [apijson] [main] o.h.t.s.i.ExceptionHandlerLoggedImpl     : GenerationTarget encountered exception accepting command : Error executing DDL "
    alter table config 
       modify column application_node varchar(255)" via JDBC [Cannot change column 'APPLICATION_NODE': used in a foreign key constraint 'FKen78ayfrm6vs2v60bk8h8esm8']

org.hibernate.tool.schema.spi.CommandAcceptanceException: Error executing DDL "
    alter table config 
       modify column application_node varchar(255)" via JDBC [Cannot change column 'APPLICATION_NODE': used in a foreign key constraint 'FKen78ayfrm6vs2v60bk8h8esm8']
	at org.hibernate.tool.schema.internal.exec.GenerationTargetToDatabase.accept(GenerationTargetToDatabase.java:81) ~[hibernate-core-7.2.7.Final.jar:7.2.7.Final]
	at org.hibernate.tool.schema.internal.AbstractSchemaMigrator.applySqlString(AbstractSchemaMigrator.java:566) ~[hibernate-core-7.2.7.Final.jar:7.2.7.Final]
	at org.hibernate.tool.schema.internal.AbstractSchemaMigrator.applySqlStrings(AbstractSchemaMigrator.java:506) ~[hibernate-core-7.2.7.Final.jar:7.2.7.Final]
	at org.hibernate.tool.schema.internal.AbstractSchemaMigrator.migrateTable(AbstractSchemaMigrator.java:324) ~[hibernate-core-7.2.7.Final.jar:7.2.7.Final]
	at org.hibernate.tool.schema.internal.GroupedSchemaMigratorImpl.performTablesMigration(GroupedSchemaMigratorImpl.java:84) ~[hibernate-core-7.2.7.Final.jar:7.2.7.Final]
	at org.hibernate.tool.schema.internal.AbstractSchemaMigrator.performMigration(AbstractSchemaMigrator.java:220) ~[hibernate-core-7.2.7.Final.jar:7.2.7.Final]
	at org.hibernate.tool.schema.internal.AbstractSchemaMigrator.doMigration(AbstractSchemaMigrator.java:96) ~[hibernate-core-7.2.7.Final.jar:7.2.7.Final]
	at org.hibernate.tool.schema.spi.SchemaManagementToolCoordinator.performDatabaseAction(SchemaManagementToolCoordinator.java:269) ~[hibernate-core-7.2.7.Final.jar:7.2.7.Final]
	at org.hibernate.tool.schema.spi.SchemaManagementToolCoordinator.lambda$process$1(SchemaManagementToolCoordinator.java:101) ~[hibernate-core-7.2.7.Final.jar:7.2.7.Final]
	at java.base/java.util.HashMap.forEach(HashMap.java:1429) ~[na:na]
	at org.hibernate.tool.schema.spi.SchemaManagementToolCoordinator.process(SchemaManagementToolCoordinator.java:100) ~[hibernate-core-7.2.7.Final.jar:7.2.7.Final]
	at org.hibernate.boot.internal.SessionFactoryObserverForSchemaExport.sessionFactoryCreated(SessionFactoryObserverForSchemaExport.java:35) ~[hibernate-core-7.2.7.Final.jar:7.2.7.Final]
	at org.hibernate.internal.SessionFactoryObserverChain.sessionFactoryCreated(SessionFactoryObserverChain.java:33) ~[hibernate-core-7.2.7.Final.jar:7.2.7.Final]
	at org.hibernate.internal.SessionFactoryImpl.<init>(SessionFactoryImpl.java:323) ~[hibernate-core-7.2.7.Final.jar:7.2.7.Final]
	at org.hibernate.internal.SessionFactoryRegistry.instantiateSessionFactory(SessionFactoryRegistry.java:64) ~[hibernate-core-7.2.7.Final.jar:7.2.7.Final]
	at org.hibernate.boot.internal.SessionFactoryBuilderImpl.build(SessionFactoryBuilderImpl.java:437) ~[hibernate-core-7.2.7.Final.jar:7.2.7.Final]
	at org.hibernate.jpa.boot.internal.EntityManagerFactoryBuilderImpl.build(EntityManagerFactoryBuilderImpl.java:1456) ~[hibernate-core-7.2.7.Final.jar:7.2.7.Final]
	at org.springframework.orm.jpa.vendor.SpringHibernateJpaPersistenceProvider.createContainerEntityManagerFactory(SpringHibernateJpaPersistenceProvider.java:93) ~[spring-orm-7.0.6.jar:7.0.6]
	at org.springframework.orm.jpa.LocalContainerEntityManagerFactoryBean.createNativeEntityManagerFactory(LocalContainerEntityManagerFactoryBean.java:443) ~[spring-orm-7.0.6.jar:7.0.6]
	at org.springframework.orm.jpa.AbstractEntityManagerFactoryBean.buildNativeEntityManagerFactory(AbstractEntityManagerFactoryBean.java:436) ~[spring-orm-7.0.6.jar:7.0.6]
	at org.springframework.orm.jpa.AbstractEntityManagerFactoryBean.afterPropertiesSet(AbstractEntityManagerFactoryBean.java:411) ~[spring-orm-7.0.6.jar:7.0.6]
	at org.springframework.orm.jpa.LocalContainerEntityManagerFactoryBean.afterPropertiesSet(LocalContainerEntityManagerFactoryBean.java:419) ~[spring-orm-7.0.6.jar:7.0.6]
	at org.springframework.beans.factory.support.AbstractAutowireCapableBeanFactory.invokeInitMethods(AbstractAutowireCapableBeanFactory.java:1864) ~[spring-beans-7.0.6.jar:7.0.6]
	at org.springframework.beans.factory.support.AbstractAutowireCapableBeanFactory.initializeBean(AbstractAutowireCapableBeanFactory.java:1813) ~[spring-beans-7.0.6.jar:7.0.6]
	at org.springframework.beans.factory.support.AbstractAutowireCapableBeanFactory.doCreateBean(AbstractAutowireCapableBeanFactory.java:603) ~[spring-beans-7.0.6.jar:7.0.6]
	at org.springframework.beans.factory.support.AbstractAutowireCapableBeanFactory.createBean(AbstractAutowireCapableBeanFactory.java:525) ~[spring-beans-7.0.6.jar:7.0.6]
	at org.springframework.beans.factory.support.AbstractBeanFactory.lambda$doGetBean$0(AbstractBeanFactory.java:333) ~[spring-beans-7.0.6.jar:7.0.6]
	at org.springframework.beans.factory.support.DefaultSingletonBeanRegistry.getSingleton(DefaultSingletonBeanRegistry.java:371) ~[spring-beans-7.0.6.jar:7.0.6]
	at org.springframework.beans.factory.support.AbstractBeanFactory.doGetBean(AbstractBeanFactory.java:331) ~[spring-beans-7.0.6.jar:7.0.6]
	at org.springframework.beans.factory.support.AbstractBeanFactory.getBean(AbstractBeanFactory.java:201) ~[spring-beans-7.0.6.jar:7.0.6]
	at org.springframework.context.support.AbstractApplicationContext.finishBeanFactoryInitialization(AbstractApplicationContext.java:977) ~[spring-context-7.0.6.jar:7.0.6]
	at org.springframework.context.support.AbstractApplicationContext.refresh(AbstractApplicationContext.java:621) ~[spring-context-7.0.6.jar:7.0.6]
	at org.springframework.boot.web.server.servlet.context.ServletWebServerApplicationContext.refresh(ServletWebServerApplicationContext.java:143) ~[spring-boot-web-server-4.0.4.jar:4.0.4]
	at org.springframework.boot.SpringApplication.refresh(SpringApplication.java:756) ~[spring-boot-4.0.4.jar:4.0.4]
	at org.springframework.boot.SpringApplication.refreshContext(SpringApplication.java:445) ~[spring-boot-4.0.4.jar:4.0.4]
	at org.springframework.boot.SpringApplication.run(SpringApplication.java:321) ~[spring-boot-4.0.4.jar:4.0.4]
	at org.springframework.boot.SpringApplication.run(SpringApplication.java:1365) ~[spring-boot-4.0.4.jar:4.0.4]
	at org.springframework.boot.SpringApplication.run(SpringApplication.java:1354) ~[spring-boot-4.0.4.jar:4.0.4]
	at org.example.apijson.ApiJsonApplication.main(ApiJsonApplication.java:10) ~[classes/:na]
Caused by: java.sql.SQLException: Cannot change column 'APPLICATION_NODE': used in a foreign key constraint 'FKen78ayfrm6vs2v60bk8h8esm8'
	at com.mysql.cj.jdbc.exceptions.SQLError.createSQLException(SQLError.java:121) ~[mysql-connector-j-9.6.0.jar:9.6.0]
	at com.mysql.cj.jdbc.exceptions.SQLExceptionsMapping.translateException(SQLExceptionsMapping.java:114) ~[mysql-connector-j-9.6.0.jar:9.6.0]
	at com.mysql.cj.jdbc.StatementImpl.executeInternal(StatementImpl.java:839) ~[mysql-connector-j-9.6.0.jar:9.6.0]
	at com.mysql.cj.jdbc.StatementImpl.execute(StatementImpl.java:687) ~[mysql-connector-j-9.6.0.jar:9.6.0]
	at com.zaxxer.hikari.pool.ProxyStatement.execute(ProxyStatement.java:95) ~[HikariCP-7.0.2.jar:na]
	at com.zaxxer.hikari.pool.HikariProxyStatement.execute(HikariProxyStatement.java) ~[HikariCP-7.0.2.jar:na]
	at org.hibernate.tool.schema.internal.exec.GenerationTargetToDatabase.accept(GenerationTargetToDatabase.java:76) ~[hibernate-core-7.2.7.Final.jar:7.2.7.Final]
	... 38 common frames omitted

2026-04-06T08:33:50.885+02:00  INFO 15212 --- [apijson] [main] j.LocalContainerEntityManagerFactoryBean : Initialized JPA EntityManagerFactory for persistence unit 'default'
2026-04-06T08:33:51.054+02:00  INFO 15212 --- [apijson] [main] o.s.d.j.r.query.QueryEnhancerFactories   : Hibernate is in classpath; If applicable, HQL parser will be used.
2026-04-06T08:33:52.274+02:00  INFO 15212 --- [apijson] [main] o.s.boot.tomcat.TomcatWebServer          : Tomcat started on port 8080 (http) with context path '/'
2026-04-06T08:33:52.284+02:00  INFO 15212 --- [apijson] [main] org.example.apijson.ApiJsonApplication   : Started ApiJsonApplication in 8.485 seconds (process running for 10.775)
2026-04-06T08:33:56.093+02:00  INFO 15212 --- [apijson] [http-nio-8080-exec-2] o.a.c.c.C.[Tomcat].[localhost].[/]       : Initializing Spring DispatcherServlet 'dispatcherServlet'
2026-04-06T08:33:56.093+02:00  INFO 15212 --- [apijson] [http-nio-8080-exec-2] o.s.web.servlet.DispatcherServlet        : Initializing Servlet 'dispatcherServlet'
2026-04-06T08:33:56.096+02:00  INFO 15212 --- [apijson] [http-nio-8080-exec-2] o.s.web.servlet.DispatcherServlet        : Completed initialization in 3 ms
2026-04-06T08:33:57.093+02:00  INFO 15212 --- [apijson] [http-nio-8080-exec-7] o.springdoc.api.AbstractOpenApiResource  : Init duration for springdoc-openapi is: 628 ms
2026-04-06T08:34:45.541+02:00  INFO 15212 --- [apijson] [http-nio-8080-exec-9] o.e.a.Servicio.DeserializarService       : validación exitosa para el atributo 'indicators'
2026-04-06T08:36:34.538+02:00  INFO 15212 --- [apijson] [SpringApplicationShutdownHook] o.s.boot.tomcat.GracefulShutdown         : Commencing graceful shutdown. Waiting for active requests to complete
2026-04-06T08:36:34.550+02:00  INFO 15212 --- [apijson] [tomcat-shutdown] o.s.boot.tomcat.GracefulShutdown         : Graceful shutdown complete
2026-04-06T08:36:34.562+02:00  INFO 15212 --- [apijson] [SpringApplicationShutdownHook] j.LocalContainerEntityManagerFactoryBean : Closing JPA EntityManagerFactory for persistence unit 'default'
2026-04-06T08:36:34.567+02:00  INFO 15212 --- [apijson] [SpringApplicationShutdownHook] com.zaxxer.hikari.HikariDataSource       : HikariPool-1 - Shutdown initiated...
2026-04-06T08:36:34.581+02:00  INFO 15212 --- [apijson] [SpringApplicationShutdownHook] com.zaxxer.hikari.HikariDataSource       : HikariPool-1 - Shutdown completed.
2026-04-06T09:42:27.672+02:00  INFO 15600 --- [apijson] [main] org.example.apijson.ApiJsonApplication   : Starting ApiJsonApplication using Java 21.0.10 with PID 15600 (C:\Users\gvega\IdeaProjects\ApiJson\target\classes started by gvega in C:\Users\gvega\IdeaProjects\ApiJson)
2026-04-06T09:42:27.680+02:00  INFO 15600 --- [apijson] [main] org.example.apijson.ApiJsonApplication   : No active profile set, falling back to 1 default profile: "default"
2026-04-06T09:42:28.936+02:00  INFO 15600 --- [apijson] [main] .s.d.r.c.RepositoryConfigurationDelegate : Bootstrapping Spring Data JPA repositories in DEFAULT mode.
2026-04-06T09:42:29.024+02:00  INFO 15600 --- [apijson] [main] .s.d.r.c.RepositoryConfigurationDelegate : Finished Spring Data repository scanning in 71 ms. Found 4 JPA repository interfaces.
2026-04-06T09:42:29.621+02:00  INFO 15600 --- [apijson] [main] o.s.boot.tomcat.TomcatWebServer          : Tomcat initialized with port 8080 (http)
2026-04-06T09:42:29.640+02:00  INFO 15600 --- [apijson] [main] o.apache.catalina.core.StandardService   : Starting service [Tomcat]
2026-04-06T09:42:29.641+02:00  INFO 15600 --- [apijson] [main] o.apache.catalina.core.StandardEngine    : Starting Servlet engine: [Apache Tomcat/11.0.18]
2026-04-06T09:42:29.732+02:00  INFO 15600 --- [apijson] [main] b.w.c.s.WebApplicationContextInitializer : Root WebApplicationContext: initialization completed in 1958 ms
2026-04-06T09:42:30.010+02:00  INFO 15600 --- [apijson] [main] org.hibernate.orm.jpa                    : HHH008540: Processing PersistenceUnitInfo [name: default]
2026-04-06T09:42:30.105+02:00  INFO 15600 --- [apijson] [main] org.hibernate.orm.core                   : HHH000001: Hibernate ORM core version 7.2.7.Final
2026-04-06T09:42:30.826+02:00  INFO 15600 --- [apijson] [main] o.s.o.j.p.SpringPersistenceUnitInfo      : No LoadTimeWeaver setup: ignoring JPA class transformer
2026-04-06T09:42:30.875+02:00  INFO 15600 --- [apijson] [main] com.zaxxer.hikari.HikariDataSource       : HikariPool-1 - Starting...
2026-04-06T09:42:31.477+02:00  INFO 15600 --- [apijson] [main] com.zaxxer.hikari.pool.HikariPool        : HikariPool-1 - Added connection com.mysql.cj.jdbc.ConnectionImpl@ca60688
2026-04-06T09:42:31.480+02:00  INFO 15600 --- [apijson] [main] com.zaxxer.hikari.HikariDataSource       : HikariPool-1 - Start completed.
2026-04-06T09:42:31.636+02:00  WARN 15600 --- [apijson] [main] org.hibernate.orm.deprecation            : HHH90000025: MySQLDialect does not need to be specified explicitly using 'hibernate.dialect' (remove the property setting and it will be selected by default)
2026-04-06T09:42:31.676+02:00  INFO 15600 --- [apijson] [main] org.hibernate.orm.connections.pooling    : HHH10001005: Database info:
	Database JDBC URL [jdbc:mysql://localhost:3306/apirest]
	Database driver: MySQL Connector/J
	Database dialect: MySQLDialect
	Database version: 8.0.45
	Default catalog/schema: apirest/undefined
	Autocommit mode: undefined/unknown
	Isolation level: REPEATABLE_READ [default REPEATABLE_READ]
	JDBC fetch size: none
	Pool: DataSourceConnectionProvider
	Minimum pool size: undefined/unknown
	Maximum pool size: undefined/unknown
2026-04-06T09:42:33.272+02:00  INFO 15600 --- [apijson] [main] org.hibernate.orm.core                   : HHH000489: No JTA platform available (set 'hibernate.transaction.jta.platform' to enable JTA platform integration)
2026-04-06T09:42:33.900+02:00  WARN 15600 --- [apijson] [main] o.h.t.s.i.ExceptionHandlerLoggedImpl     : GenerationTarget encountered exception accepting command : Error executing DDL "
    alter table config 
       modify column application_node varchar(255)" via JDBC [Cannot change column 'APPLICATION_NODE': used in a foreign key constraint 'FKen78ayfrm6vs2v60bk8h8esm8']

org.hibernate.tool.schema.spi.CommandAcceptanceException: Error executing DDL "
    alter table config 
       modify column application_node varchar(255)" via JDBC [Cannot change column 'APPLICATION_NODE': used in a foreign key constraint 'FKen78ayfrm6vs2v60bk8h8esm8']
	at org.hibernate.tool.schema.internal.exec.GenerationTargetToDatabase.accept(GenerationTargetToDatabase.java:81) ~[hibernate-core-7.2.7.Final.jar:7.2.7.Final]
	at org.hibernate.tool.schema.internal.AbstractSchemaMigrator.applySqlString(AbstractSchemaMigrator.java:566) ~[hibernate-core-7.2.7.Final.jar:7.2.7.Final]
	at org.hibernate.tool.schema.internal.AbstractSchemaMigrator.applySqlStrings(AbstractSchemaMigrator.java:506) ~[hibernate-core-7.2.7.Final.jar:7.2.7.Final]
	at org.hibernate.tool.schema.internal.AbstractSchemaMigrator.migrateTable(AbstractSchemaMigrator.java:324) ~[hibernate-core-7.2.7.Final.jar:7.2.7.Final]
	at org.hibernate.tool.schema.internal.GroupedSchemaMigratorImpl.performTablesMigration(GroupedSchemaMigratorImpl.java:84) ~[hibernate-core-7.2.7.Final.jar:7.2.7.Final]
	at org.hibernate.tool.schema.internal.AbstractSchemaMigrator.performMigration(AbstractSchemaMigrator.java:220) ~[hibernate-core-7.2.7.Final.jar:7.2.7.Final]
	at org.hibernate.tool.schema.internal.AbstractSchemaMigrator.doMigration(AbstractSchemaMigrator.java:96) ~[hibernate-core-7.2.7.Final.jar:7.2.7.Final]
	at org.hibernate.tool.schema.spi.SchemaManagementToolCoordinator.performDatabaseAction(SchemaManagementToolCoordinator.java:269) ~[hibernate-core-7.2.7.Final.jar:7.2.7.Final]
	at org.hibernate.tool.schema.spi.SchemaManagementToolCoordinator.lambda$process$1(SchemaManagementToolCoordinator.java:101) ~[hibernate-core-7.2.7.Final.jar:7.2.7.Final]
	at java.base/java.util.HashMap.forEach(HashMap.java:1429) ~[na:na]
	at org.hibernate.tool.schema.spi.SchemaManagementToolCoordinator.process(SchemaManagementToolCoordinator.java:100) ~[hibernate-core-7.2.7.Final.jar:7.2.7.Final]
	at org.hibernate.boot.internal.SessionFactoryObserverForSchemaExport.sessionFactoryCreated(SessionFactoryObserverForSchemaExport.java:35) ~[hibernate-core-7.2.7.Final.jar:7.2.7.Final]
	at org.hibernate.internal.SessionFactoryObserverChain.sessionFactoryCreated(SessionFactoryObserverChain.java:33) ~[hibernate-core-7.2.7.Final.jar:7.2.7.Final]
	at org.hibernate.internal.SessionFactoryImpl.<init>(SessionFactoryImpl.java:323) ~[hibernate-core-7.2.7.Final.jar:7.2.7.Final]
	at org.hibernate.internal.SessionFactoryRegistry.instantiateSessionFactory(SessionFactoryRegistry.java:64) ~[hibernate-core-7.2.7.Final.jar:7.2.7.Final]
	at org.hibernate.boot.internal.SessionFactoryBuilderImpl.build(SessionFactoryBuilderImpl.java:437) ~[hibernate-core-7.2.7.Final.jar:7.2.7.Final]
	at org.hibernate.jpa.boot.internal.EntityManagerFactoryBuilderImpl.build(EntityManagerFactoryBuilderImpl.java:1456) ~[hibernate-core-7.2.7.Final.jar:7.2.7.Final]
	at org.springframework.orm.jpa.vendor.SpringHibernateJpaPersistenceProvider.createContainerEntityManagerFactory(SpringHibernateJpaPersistenceProvider.java:93) ~[spring-orm-7.0.6.jar:7.0.6]
	at org.springframework.orm.jpa.LocalContainerEntityManagerFactoryBean.createNativeEntityManagerFactory(LocalContainerEntityManagerFactoryBean.java:443) ~[spring-orm-7.0.6.jar:7.0.6]
	at org.springframework.orm.jpa.AbstractEntityManagerFactoryBean.buildNativeEntityManagerFactory(AbstractEntityManagerFactoryBean.java:436) ~[spring-orm-7.0.6.jar:7.0.6]
	at org.springframework.orm.jpa.AbstractEntityManagerFactoryBean.afterPropertiesSet(AbstractEntityManagerFactoryBean.java:411) ~[spring-orm-7.0.6.jar:7.0.6]
	at org.springframework.orm.jpa.LocalContainerEntityManagerFactoryBean.afterPropertiesSet(LocalContainerEntityManagerFactoryBean.java:419) ~[spring-orm-7.0.6.jar:7.0.6]
	at org.springframework.beans.factory.support.AbstractAutowireCapableBeanFactory.invokeInitMethods(AbstractAutowireCapableBeanFactory.java:1864) ~[spring-beans-7.0.6.jar:7.0.6]
	at org.springframework.beans.factory.support.AbstractAutowireCapableBeanFactory.initializeBean(AbstractAutowireCapableBeanFactory.java:1813) ~[spring-beans-7.0.6.jar:7.0.6]
	at org.springframework.beans.factory.support.AbstractAutowireCapableBeanFactory.doCreateBean(AbstractAutowireCapableBeanFactory.java:603) ~[spring-beans-7.0.6.jar:7.0.6]
	at org.springframework.beans.factory.support.AbstractAutowireCapableBeanFactory.createBean(AbstractAutowireCapableBeanFactory.java:525) ~[spring-beans-7.0.6.jar:7.0.6]
	at org.springframework.beans.factory.support.AbstractBeanFactory.lambda$doGetBean$0(AbstractBeanFactory.java:333) ~[spring-beans-7.0.6.jar:7.0.6]
	at org.springframework.beans.factory.support.DefaultSingletonBeanRegistry.getSingleton(DefaultSingletonBeanRegistry.java:371) ~[spring-beans-7.0.6.jar:7.0.6]
	at org.springframework.beans.factory.support.AbstractBeanFactory.doGetBean(AbstractBeanFactory.java:331) ~[spring-beans-7.0.6.jar:7.0.6]
	at org.springframework.beans.factory.support.AbstractBeanFactory.getBean(AbstractBeanFactory.java:201) ~[spring-beans-7.0.6.jar:7.0.6]
	at org.springframework.context.support.AbstractApplicationContext.finishBeanFactoryInitialization(AbstractApplicationContext.java:977) ~[spring-context-7.0.6.jar:7.0.6]
	at org.springframework.context.support.AbstractApplicationContext.refresh(AbstractApplicationContext.java:621) ~[spring-context-7.0.6.jar:7.0.6]
	at org.springframework.boot.web.server.servlet.context.ServletWebServerApplicationContext.refresh(ServletWebServerApplicationContext.java:143) ~[spring-boot-web-server-4.0.4.jar:4.0.4]
	at org.springframework.boot.SpringApplication.refresh(SpringApplication.java:756) ~[spring-boot-4.0.4.jar:4.0.4]
	at org.springframework.boot.SpringApplication.refreshContext(SpringApplication.java:445) ~[spring-boot-4.0.4.jar:4.0.4]
	at org.springframework.boot.SpringApplication.run(SpringApplication.java:321) ~[spring-boot-4.0.4.jar:4.0.4]
	at org.springframework.boot.SpringApplication.run(SpringApplication.java:1365) ~[spring-boot-4.0.4.jar:4.0.4]
	at org.springframework.boot.SpringApplication.run(SpringApplication.java:1354) ~[spring-boot-4.0.4.jar:4.0.4]
	at org.example.apijson.ApiJsonApplication.main(ApiJsonApplication.java:10) ~[classes/:na]
Caused by: java.sql.SQLException: Cannot change column 'APPLICATION_NODE': used in a foreign key constraint 'FKen78ayfrm6vs2v60bk8h8esm8'
	at com.mysql.cj.jdbc.exceptions.SQLError.createSQLException(SQLError.java:121) ~[mysql-connector-j-9.6.0.jar:9.6.0]
	at com.mysql.cj.jdbc.exceptions.SQLExceptionsMapping.translateException(SQLExceptionsMapping.java:114) ~[mysql-connector-j-9.6.0.jar:9.6.0]
	at com.mysql.cj.jdbc.StatementImpl.executeInternal(StatementImpl.java:839) ~[mysql-connector-j-9.6.0.jar:9.6.0]
	at com.mysql.cj.jdbc.StatementImpl.execute(StatementImpl.java:687) ~[mysql-connector-j-9.6.0.jar:9.6.0]
	at com.zaxxer.hikari.pool.ProxyStatement.execute(ProxyStatement.java:95) ~[HikariCP-7.0.2.jar:na]
	at com.zaxxer.hikari.pool.HikariProxyStatement.execute(HikariProxyStatement.java) ~[HikariCP-7.0.2.jar:na]
	at org.hibernate.tool.schema.internal.exec.GenerationTargetToDatabase.accept(GenerationTargetToDatabase.java:76) ~[hibernate-core-7.2.7.Final.jar:7.2.7.Final]
	... 38 common frames omitted

2026-04-06T09:42:33.988+02:00  WARN 15600 --- [apijson] [main] o.h.t.s.i.ExceptionHandlerLoggedImpl     : GenerationTarget encountered exception accepting command : Error executing DDL "
    alter table config 
       modify column version_lock bigint" via JDBC [Cannot add or update a child row: a foreign key constraint fails (`apirest`.`#sql-16bc_17`, CONSTRAINT `FKen78ayfrm6vs2v60bk8h8esm8` FOREIGN KEY (`APPLICATION_NODE`) REFERENCES `application` (`ID`))]

org.hibernate.tool.schema.spi.CommandAcceptanceException: Error executing DDL "
    alter table config 
       modify column version_lock bigint" via JDBC [Cannot add or update a child row: a foreign key constraint fails (`apirest`.`#sql-16bc_17`, CONSTRAINT `FKen78ayfrm6vs2v60bk8h8esm8` FOREIGN KEY (`APPLICATION_NODE`) REFERENCES `application` (`ID`))]
	at org.hibernate.tool.schema.internal.exec.GenerationTargetToDatabase.accept(GenerationTargetToDatabase.java:81) ~[hibernate-core-7.2.7.Final.jar:7.2.7.Final]
	at org.hibernate.tool.schema.internal.AbstractSchemaMigrator.applySqlString(AbstractSchemaMigrator.java:566) ~[hibernate-core-7.2.7.Final.jar:7.2.7.Final]
	at org.hibernate.tool.schema.internal.AbstractSchemaMigrator.applySqlStrings(AbstractSchemaMigrator.java:506) ~[hibernate-core-7.2.7.Final.jar:7.2.7.Final]
	at org.hibernate.tool.schema.internal.AbstractSchemaMigrator.migrateTable(AbstractSchemaMigrator.java:324) ~[hibernate-core-7.2.7.Final.jar:7.2.7.Final]
	at org.hibernate.tool.schema.internal.GroupedSchemaMigratorImpl.performTablesMigration(GroupedSchemaMigratorImpl.java:84) ~[hibernate-core-7.2.7.Final.jar:7.2.7.Final]
	at org.hibernate.tool.schema.internal.AbstractSchemaMigrator.performMigration(AbstractSchemaMigrator.java:220) ~[hibernate-core-7.2.7.Final.jar:7.2.7.Final]
	at org.hibernate.tool.schema.internal.AbstractSchemaMigrator.doMigration(AbstractSchemaMigrator.java:96) ~[hibernate-core-7.2.7.Final.jar:7.2.7.Final]
	at org.hibernate.tool.schema.spi.SchemaManagementToolCoordinator.performDatabaseAction(SchemaManagementToolCoordinator.java:269) ~[hibernate-core-7.2.7.Final.jar:7.2.7.Final]
	at org.hibernate.tool.schema.spi.SchemaManagementToolCoordinator.lambda$process$1(SchemaManagementToolCoordinator.java:101) ~[hibernate-core-7.2.7.Final.jar:7.2.7.Final]
	at java.base/java.util.HashMap.forEach(HashMap.java:1429) ~[na:na]
	at org.hibernate.tool.schema.spi.SchemaManagementToolCoordinator.process(SchemaManagementToolCoordinator.java:100) ~[hibernate-core-7.2.7.Final.jar:7.2.7.Final]
	at org.hibernate.boot.internal.SessionFactoryObserverForSchemaExport.sessionFactoryCreated(SessionFactoryObserverForSchemaExport.java:35) ~[hibernate-core-7.2.7.Final.jar:7.2.7.Final]
	at org.hibernate.internal.SessionFactoryObserverChain.sessionFactoryCreated(SessionFactoryObserverChain.java:33) ~[hibernate-core-7.2.7.Final.jar:7.2.7.Final]
	at org.hibernate.internal.SessionFactoryImpl.<init>(SessionFactoryImpl.java:323) ~[hibernate-core-7.2.7.Final.jar:7.2.7.Final]
	at org.hibernate.internal.SessionFactoryRegistry.instantiateSessionFactory(SessionFactoryRegistry.java:64) ~[hibernate-core-7.2.7.Final.jar:7.2.7.Final]
	at org.hibernate.boot.internal.SessionFactoryBuilderImpl.build(SessionFactoryBuilderImpl.java:437) ~[hibernate-core-7.2.7.Final.jar:7.2.7.Final]
	at org.hibernate.jpa.boot.internal.EntityManagerFactoryBuilderImpl.build(EntityManagerFactoryBuilderImpl.java:1456) ~[hibernate-core-7.2.7.Final.jar:7.2.7.Final]
	at org.springframework.orm.jpa.vendor.SpringHibernateJpaPersistenceProvider.createContainerEntityManagerFactory(SpringHibernateJpaPersistenceProvider.java:93) ~[spring-orm-7.0.6.jar:7.0.6]
	at org.springframework.orm.jpa.LocalContainerEntityManagerFactoryBean.createNativeEntityManagerFactory(LocalContainerEntityManagerFactoryBean.java:443) ~[spring-orm-7.0.6.jar:7.0.6]
	at org.springframework.orm.jpa.AbstractEntityManagerFactoryBean.buildNativeEntityManagerFactory(AbstractEntityManagerFactoryBean.java:436) ~[spring-orm-7.0.6.jar:7.0.6]
	at org.springframework.orm.jpa.AbstractEntityManagerFactoryBean.afterPropertiesSet(AbstractEntityManagerFactoryBean.java:411) ~[spring-orm-7.0.6.jar:7.0.6]
	at org.springframework.orm.jpa.LocalContainerEntityManagerFactoryBean.afterPropertiesSet(LocalContainerEntityManagerFactoryBean.java:419) ~[spring-orm-7.0.6.jar:7.0.6]
	at org.springframework.beans.factory.support.AbstractAutowireCapableBeanFactory.invokeInitMethods(AbstractAutowireCapableBeanFactory.java:1864) ~[spring-beans-7.0.6.jar:7.0.6]
	at org.springframework.beans.factory.support.AbstractAutowireCapableBeanFactory.initializeBean(AbstractAutowireCapableBeanFactory.java:1813) ~[spring-beans-7.0.6.jar:7.0.6]
	at org.springframework.beans.factory.support.AbstractAutowireCapableBeanFactory.doCreateBean(AbstractAutowireCapableBeanFactory.java:603) ~[spring-beans-7.0.6.jar:7.0.6]
	at org.springframework.beans.factory.support.AbstractAutowireCapableBeanFactory.createBean(AbstractAutowireCapableBeanFactory.java:525) ~[spring-beans-7.0.6.jar:7.0.6]
	at org.springframework.beans.factory.support.AbstractBeanFactory.lambda$doGetBean$0(AbstractBeanFactory.java:333) ~[spring-beans-7.0.6.jar:7.0.6]
	at org.springframework.beans.factory.support.DefaultSingletonBeanRegistry.getSingleton(DefaultSingletonBeanRegistry.java:371) ~[spring-beans-7.0.6.jar:7.0.6]
	at org.springframework.beans.factory.support.AbstractBeanFactory.doGetBean(AbstractBeanFactory.java:331) ~[spring-beans-7.0.6.jar:7.0.6]
	at org.springframework.beans.factory.support.AbstractBeanFactory.getBean(AbstractBeanFactory.java:201) ~[spring-beans-7.0.6.jar:7.0.6]
	at org.springframework.context.support.AbstractApplicationContext.finishBeanFactoryInitialization(AbstractApplicationContext.java:977) ~[spring-context-7.0.6.jar:7.0.6]
	at org.springframework.context.support.AbstractApplicationContext.refresh(AbstractApplicationContext.java:621) ~[spring-context-7.0.6.jar:7.0.6]
	at org.springframework.boot.web.server.servlet.context.ServletWebServerApplicationContext.refresh(ServletWebServerApplicationContext.java:143) ~[spring-boot-web-server-4.0.4.jar:4.0.4]
	at org.springframework.boot.SpringApplication.refresh(SpringApplication.java:756) ~[spring-boot-4.0.4.jar:4.0.4]
	at org.springframework.boot.SpringApplication.refreshContext(SpringApplication.java:445) ~[spring-boot-4.0.4.jar:4.0.4]
	at org.springframework.boot.SpringApplication.run(SpringApplication.java:321) ~[spring-boot-4.0.4.jar:4.0.4]
	at org.springframework.boot.SpringApplication.run(SpringApplication.java:1365) ~[spring-boot-4.0.4.jar:4.0.4]
	at org.springframework.boot.SpringApplication.run(SpringApplication.java:1354) ~[spring-boot-4.0.4.jar:4.0.4]
	at org.example.apijson.ApiJsonApplication.main(ApiJsonApplication.java:10) ~[classes/:na]
Caused by: java.sql.SQLIntegrityConstraintViolationException: Cannot add or update a child row: a foreign key constraint fails (`apirest`.`#sql-16bc_17`, CONSTRAINT `FKen78ayfrm6vs2v60bk8h8esm8` FOREIGN KEY (`APPLICATION_NODE`) REFERENCES `application` (`ID`))
	at com.mysql.cj.jdbc.exceptions.SQLError.createSQLException(SQLError.java:109) ~[mysql-connector-j-9.6.0.jar:9.6.0]
	at com.mysql.cj.jdbc.exceptions.SQLExceptionsMapping.translateException(SQLExceptionsMapping.java:114) ~[mysql-connector-j-9.6.0.jar:9.6.0]
	at com.mysql.cj.jdbc.StatementImpl.executeInternal(StatementImpl.java:839) ~[mysql-connector-j-9.6.0.jar:9.6.0]
	at com.mysql.cj.jdbc.StatementImpl.execute(StatementImpl.java:687) ~[mysql-connector-j-9.6.0.jar:9.6.0]
	at com.zaxxer.hikari.pool.ProxyStatement.execute(ProxyStatement.java:95) ~[HikariCP-7.0.2.jar:na]
	at com.zaxxer.hikari.pool.HikariProxyStatement.execute(HikariProxyStatement.java) ~[HikariCP-7.0.2.jar:na]
	at org.hibernate.tool.schema.internal.exec.GenerationTargetToDatabase.accept(GenerationTargetToDatabase.java:76) ~[hibernate-core-7.2.7.Final.jar:7.2.7.Final]
	... 38 common frames omitted

2026-04-06T09:42:34.024+02:00  INFO 15600 --- [apijson] [main] j.LocalContainerEntityManagerFactoryBean : Initialized JPA EntityManagerFactory for persistence unit 'default'
2026-04-06T09:42:34.147+02:00  INFO 15600 --- [apijson] [main] o.s.d.j.r.query.QueryEnhancerFactories   : Hibernate is in classpath; If applicable, HQL parser will be used.
2026-04-06T09:42:35.571+02:00  INFO 15600 --- [apijson] [main] o.s.boot.tomcat.TomcatWebServer          : Tomcat started on port 8080 (http) with context path '/'
2026-04-06T09:42:35.577+02:00  INFO 15600 --- [apijson] [main] org.example.apijson.ApiJsonApplication   : Started ApiJsonApplication in 8.791 seconds (process running for 10.125)
2026-04-06T09:44:04.535+02:00  INFO 15600 --- [apijson] [http-nio-8080-exec-2] o.a.c.c.C.[Tomcat].[localhost].[/]       : Initializing Spring DispatcherServlet 'dispatcherServlet'
2026-04-06T09:44:04.535+02:00  INFO 15600 --- [apijson] [http-nio-8080-exec-2] o.s.web.servlet.DispatcherServlet        : Initializing Servlet 'dispatcherServlet'
2026-04-06T09:44:04.537+02:00  INFO 15600 --- [apijson] [http-nio-8080-exec-2] o.s.web.servlet.DispatcherServlet        : Completed initialization in 2 ms
2026-04-06T09:44:05.458+02:00  INFO 15600 --- [apijson] [http-nio-8080-exec-5] o.springdoc.api.AbstractOpenApiResource  : Init duration for springdoc-openapi is: 620 ms
2026-04-06T09:44:52.819+02:00  INFO 15600 --- [apijson] [http-nio-8080-exec-7] o.e.a.Servicio.DeserializarService       : validación exitosa para el atributo 'indicators'
2026-04-06T09:46:48.976+02:00 ERROR 15600 --- [apijson] [http-nio-8080-exec-9] o.e.a.Servicio.DeserializarService       : Error al procesar el nodo 'CLIENTID'. Saltando al siguiente, motivo: Query did not return a unique result: 2 results were returned
2026-04-06T09:46:48.977+02:00 ERROR 15600 --- [apijson] [http-nio-8080-exec-9] o.e.a.Servicio.DeserializarService       : Error al procesar el nodo 'ORCHESTRATOR'. Saltando al siguiente, motivo: Error de validación al importar el  json: Query did not return a unique result: 2 results were returned
2026-04-06T09:50:25.103+02:00 ERROR 15600 --- [apijson] [http-nio-8080-exec-10] o.e.a.Servicio.DeserializarService       : Error al procesar el nodo 'CLIENTID'. Saltando al siguiente, motivo: Query did not return a unique result: 2 results were returned
2026-04-06T09:50:25.104+02:00 ERROR 15600 --- [apijson] [http-nio-8080-exec-10] o.e.a.Servicio.DeserializarService       : Error al procesar el nodo 'ORCHESTRATOR'. Saltando al siguiente, motivo: Error de validación al importar el  json: Query did not return a unique result: 2 results were returned
2026-04-06T09:50:37.944+02:00  INFO 15600 --- [apijson] [SpringApplicationShutdownHook] o.s.boot.tomcat.GracefulShutdown         : Commencing graceful shutdown. Waiting for active requests to complete
2026-04-06T09:50:37.959+02:00  INFO 15600 --- [apijson] [tomcat-shutdown] o.s.boot.tomcat.GracefulShutdown         : Graceful shutdown complete
2026-04-06T09:50:37.968+02:00  INFO 15600 --- [apijson] [SpringApplicationShutdownHook] j.LocalContainerEntityManagerFactoryBean : Closing JPA EntityManagerFactory for persistence unit 'default'
2026-04-06T09:50:37.971+02:00  INFO 15600 --- [apijson] [SpringApplicationShutdownHook] com.zaxxer.hikari.HikariDataSource       : HikariPool-1 - Shutdown initiated...
2026-04-06T09:50:37.985+02:00  INFO 15600 --- [apijson] [SpringApplicationShutdownHook] com.zaxxer.hikari.HikariDataSource       : HikariPool-1 - Shutdown completed.
2026-04-06T09:50:42.459+02:00  INFO 13472 --- [apijson] [main] org.example.apijson.ApiJsonApplication   : Starting ApiJsonApplication using Java 21.0.10 with PID 13472 (C:\Users\gvega\IdeaProjects\ApiJson\target\classes started by gvega in C:\Users\gvega\IdeaProjects\ApiJson)
2026-04-06T09:50:42.471+02:00  INFO 13472 --- [apijson] [main] org.example.apijson.ApiJsonApplication   : No active profile set, falling back to 1 default profile: "default"
2026-04-06T09:50:43.675+02:00  INFO 13472 --- [apijson] [main] .s.d.r.c.RepositoryConfigurationDelegate : Bootstrapping Spring Data JPA repositories in DEFAULT mode.
2026-04-06T09:50:43.760+02:00  INFO 13472 --- [apijson] [main] .s.d.r.c.RepositoryConfigurationDelegate : Finished Spring Data repository scanning in 74 ms. Found 4 JPA repository interfaces.
2026-04-06T09:50:44.365+02:00  INFO 13472 --- [apijson] [main] o.s.boot.tomcat.TomcatWebServer          : Tomcat initialized with port 8080 (http)
2026-04-06T09:50:44.382+02:00  INFO 13472 --- [apijson] [main] o.apache.catalina.core.StandardService   : Starting service [Tomcat]
2026-04-06T09:50:44.382+02:00  INFO 13472 --- [apijson] [main] o.apache.catalina.core.StandardEngine    : Starting Servlet engine: [Apache Tomcat/11.0.18]
2026-04-06T09:50:44.462+02:00  INFO 13472 --- [apijson] [main] b.w.c.s.WebApplicationContextInitializer : Root WebApplicationContext: initialization completed in 1913 ms
2026-04-06T09:50:44.698+02:00  INFO 13472 --- [apijson] [main] org.hibernate.orm.jpa                    : HHH008540: Processing PersistenceUnitInfo [name: default]
2026-04-06T09:50:44.789+02:00  INFO 13472 --- [apijson] [main] org.hibernate.orm.core                   : HHH000001: Hibernate ORM core version 7.2.7.Final
2026-04-06T09:50:45.434+02:00  INFO 13472 --- [apijson] [main] o.s.o.j.p.SpringPersistenceUnitInfo      : No LoadTimeWeaver setup: ignoring JPA class transformer
2026-04-06T09:50:45.481+02:00  INFO 13472 --- [apijson] [main] com.zaxxer.hikari.HikariDataSource       : HikariPool-1 - Starting...
2026-04-06T09:50:45.979+02:00  INFO 13472 --- [apijson] [main] com.zaxxer.hikari.pool.HikariPool        : HikariPool-1 - Added connection com.mysql.cj.jdbc.ConnectionImpl@d677be9
2026-04-06T09:50:45.986+02:00  INFO 13472 --- [apijson] [main] com.zaxxer.hikari.HikariDataSource       : HikariPool-1 - Start completed.
2026-04-06T09:50:46.055+02:00  WARN 13472 --- [apijson] [main] org.hibernate.orm.deprecation            : HHH90000025: MySQLDialect does not need to be specified explicitly using 'hibernate.dialect' (remove the property setting and it will be selected by default)
2026-04-06T09:50:46.075+02:00  INFO 13472 --- [apijson] [main] org.hibernate.orm.connections.pooling    : HHH10001005: Database info:
	Database JDBC URL [jdbc:mysql://localhost:3306/apirest]
	Database driver: MySQL Connector/J
	Database dialect: MySQLDialect
	Database version: 8.0.45
	Default catalog/schema: apirest/undefined
	Autocommit mode: undefined/unknown
	Isolation level: REPEATABLE_READ [default REPEATABLE_READ]
	JDBC fetch size: none
	Pool: DataSourceConnectionProvider
	Minimum pool size: undefined/unknown
	Maximum pool size: undefined/unknown
2026-04-06T09:50:47.507+02:00  INFO 13472 --- [apijson] [main] org.hibernate.orm.core                   : HHH000489: No JTA platform available (set 'hibernate.transaction.jta.platform' to enable JTA platform integration)
2026-04-06T09:50:48.001+02:00  WARN 13472 --- [apijson] [main] o.h.t.s.i.ExceptionHandlerLoggedImpl     : GenerationTarget encountered exception accepting command : Error executing DDL "
    alter table config 
       modify column application_node varchar(255)" via JDBC [Cannot change column 'APPLICATION_NODE': used in a foreign key constraint 'FKen78ayfrm6vs2v60bk8h8esm8']

org.hibernate.tool.schema.spi.CommandAcceptanceException: Error executing DDL "
    alter table config 
       modify column application_node varchar(255)" via JDBC [Cannot change column 'APPLICATION_NODE': used in a foreign key constraint 'FKen78ayfrm6vs2v60bk8h8esm8']
	at org.hibernate.tool.schema.internal.exec.GenerationTargetToDatabase.accept(GenerationTargetToDatabase.java:81) ~[hibernate-core-7.2.7.Final.jar:7.2.7.Final]
	at org.hibernate.tool.schema.internal.AbstractSchemaMigrator.applySqlString(AbstractSchemaMigrator.java:566) ~[hibernate-core-7.2.7.Final.jar:7.2.7.Final]
	at org.hibernate.tool.schema.internal.AbstractSchemaMigrator.applySqlStrings(AbstractSchemaMigrator.java:506) ~[hibernate-core-7.2.7.Final.jar:7.2.7.Final]
	at org.hibernate.tool.schema.internal.AbstractSchemaMigrator.migrateTable(AbstractSchemaMigrator.java:324) ~[hibernate-core-7.2.7.Final.jar:7.2.7.Final]
	at org.hibernate.tool.schema.internal.GroupedSchemaMigratorImpl.performTablesMigration(GroupedSchemaMigratorImpl.java:84) ~[hibernate-core-7.2.7.Final.jar:7.2.7.Final]
	at org.hibernate.tool.schema.internal.AbstractSchemaMigrator.performMigration(AbstractSchemaMigrator.java:220) ~[hibernate-core-7.2.7.Final.jar:7.2.7.Final]
	at org.hibernate.tool.schema.internal.AbstractSchemaMigrator.doMigration(AbstractSchemaMigrator.java:96) ~[hibernate-core-7.2.7.Final.jar:7.2.7.Final]
	at org.hibernate.tool.schema.spi.SchemaManagementToolCoordinator.performDatabaseAction(SchemaManagementToolCoordinator.java:269) ~[hibernate-core-7.2.7.Final.jar:7.2.7.Final]
	at org.hibernate.tool.schema.spi.SchemaManagementToolCoordinator.lambda$process$1(SchemaManagementToolCoordinator.java:101) ~[hibernate-core-7.2.7.Final.jar:7.2.7.Final]
	at java.base/java.util.HashMap.forEach(HashMap.java:1429) ~[na:na]
	at org.hibernate.tool.schema.spi.SchemaManagementToolCoordinator.process(SchemaManagementToolCoordinator.java:100) ~[hibernate-core-7.2.7.Final.jar:7.2.7.Final]
	at org.hibernate.boot.internal.SessionFactoryObserverForSchemaExport.sessionFactoryCreated(SessionFactoryObserverForSchemaExport.java:35) ~[hibernate-core-7.2.7.Final.jar:7.2.7.Final]
	at org.hibernate.internal.SessionFactoryObserverChain.sessionFactoryCreated(SessionFactoryObserverChain.java:33) ~[hibernate-core-7.2.7.Final.jar:7.2.7.Final]
	at org.hibernate.internal.SessionFactoryImpl.<init>(SessionFactoryImpl.java:323) ~[hibernate-core-7.2.7.Final.jar:7.2.7.Final]
	at org.hibernate.internal.SessionFactoryRegistry.instantiateSessionFactory(SessionFactoryRegistry.java:64) ~[hibernate-core-7.2.7.Final.jar:7.2.7.Final]
	at org.hibernate.boot.internal.SessionFactoryBuilderImpl.build(SessionFactoryBuilderImpl.java:437) ~[hibernate-core-7.2.7.Final.jar:7.2.7.Final]
	at org.hibernate.jpa.boot.internal.EntityManagerFactoryBuilderImpl.build(EntityManagerFactoryBuilderImpl.java:1456) ~[hibernate-core-7.2.7.Final.jar:7.2.7.Final]
	at org.springframework.orm.jpa.vendor.SpringHibernateJpaPersistenceProvider.createContainerEntityManagerFactory(SpringHibernateJpaPersistenceProvider.java:93) ~[spring-orm-7.0.6.jar:7.0.6]
	at org.springframework.orm.jpa.LocalContainerEntityManagerFactoryBean.createNativeEntityManagerFactory(LocalContainerEntityManagerFactoryBean.java:443) ~[spring-orm-7.0.6.jar:7.0.6]
	at org.springframework.orm.jpa.AbstractEntityManagerFactoryBean.buildNativeEntityManagerFactory(AbstractEntityManagerFactoryBean.java:436) ~[spring-orm-7.0.6.jar:7.0.6]
	at org.springframework.orm.jpa.AbstractEntityManagerFactoryBean.afterPropertiesSet(AbstractEntityManagerFactoryBean.java:411) ~[spring-orm-7.0.6.jar:7.0.6]
	at org.springframework.orm.jpa.LocalContainerEntityManagerFactoryBean.afterPropertiesSet(LocalContainerEntityManagerFactoryBean.java:419) ~[spring-orm-7.0.6.jar:7.0.6]
	at org.springframework.beans.factory.support.AbstractAutowireCapableBeanFactory.invokeInitMethods(AbstractAutowireCapableBeanFactory.java:1864) ~[spring-beans-7.0.6.jar:7.0.6]
	at org.springframework.beans.factory.support.AbstractAutowireCapableBeanFactory.initializeBean(AbstractAutowireCapableBeanFactory.java:1813) ~[spring-beans-7.0.6.jar:7.0.6]
	at org.springframework.beans.factory.support.AbstractAutowireCapableBeanFactory.doCreateBean(AbstractAutowireCapableBeanFactory.java:603) ~[spring-beans-7.0.6.jar:7.0.6]
	at org.springframework.beans.factory.support.AbstractAutowireCapableBeanFactory.createBean(AbstractAutowireCapableBeanFactory.java:525) ~[spring-beans-7.0.6.jar:7.0.6]
	at org.springframework.beans.factory.support.AbstractBeanFactory.lambda$doGetBean$0(AbstractBeanFactory.java:333) ~[spring-beans-7.0.6.jar:7.0.6]
	at org.springframework.beans.factory.support.DefaultSingletonBeanRegistry.getSingleton(DefaultSingletonBeanRegistry.java:371) ~[spring-beans-7.0.6.jar:7.0.6]
	at org.springframework.beans.factory.support.AbstractBeanFactory.doGetBean(AbstractBeanFactory.java:331) ~[spring-beans-7.0.6.jar:7.0.6]
	at org.springframework.beans.factory.support.AbstractBeanFactory.getBean(AbstractBeanFactory.java:201) ~[spring-beans-7.0.6.jar:7.0.6]
	at org.springframework.context.support.AbstractApplicationContext.finishBeanFactoryInitialization(AbstractApplicationContext.java:977) ~[spring-context-7.0.6.jar:7.0.6]
	at org.springframework.context.support.AbstractApplicationContext.refresh(AbstractApplicationContext.java:621) ~[spring-context-7.0.6.jar:7.0.6]
	at org.springframework.boot.web.server.servlet.context.ServletWebServerApplicationContext.refresh(ServletWebServerApplicationContext.java:143) ~[spring-boot-web-server-4.0.4.jar:4.0.4]
	at org.springframework.boot.SpringApplication.refresh(SpringApplication.java:756) ~[spring-boot-4.0.4.jar:4.0.4]
	at org.springframework.boot.SpringApplication.refreshContext(SpringApplication.java:445) ~[spring-boot-4.0.4.jar:4.0.4]
	at org.springframework.boot.SpringApplication.run(SpringApplication.java:321) ~[spring-boot-4.0.4.jar:4.0.4]
	at org.springframework.boot.SpringApplication.run(SpringApplication.java:1365) ~[spring-boot-4.0.4.jar:4.0.4]
	at org.springframework.boot.SpringApplication.run(SpringApplication.java:1354) ~[spring-boot-4.0.4.jar:4.0.4]
	at org.example.apijson.ApiJsonApplication.main(ApiJsonApplication.java:10) ~[classes/:na]
Caused by: java.sql.SQLException: Cannot change column 'APPLICATION_NODE': used in a foreign key constraint 'FKen78ayfrm6vs2v60bk8h8esm8'
	at com.mysql.cj.jdbc.exceptions.SQLError.createSQLException(SQLError.java:121) ~[mysql-connector-j-9.6.0.jar:9.6.0]
	at com.mysql.cj.jdbc.exceptions.SQLExceptionsMapping.translateException(SQLExceptionsMapping.java:114) ~[mysql-connector-j-9.6.0.jar:9.6.0]
	at com.mysql.cj.jdbc.StatementImpl.executeInternal(StatementImpl.java:839) ~[mysql-connector-j-9.6.0.jar:9.6.0]
	at com.mysql.cj.jdbc.StatementImpl.execute(StatementImpl.java:687) ~[mysql-connector-j-9.6.0.jar:9.6.0]
	at com.zaxxer.hikari.pool.ProxyStatement.execute(ProxyStatement.java:95) ~[HikariCP-7.0.2.jar:na]
	at com.zaxxer.hikari.pool.HikariProxyStatement.execute(HikariProxyStatement.java) ~[HikariCP-7.0.2.jar:na]
	at org.hibernate.tool.schema.internal.exec.GenerationTargetToDatabase.accept(GenerationTargetToDatabase.java:76) ~[hibernate-core-7.2.7.Final.jar:7.2.7.Final]
	... 38 common frames omitted

2026-04-06T09:50:48.069+02:00  WARN 13472 --- [apijson] [main] o.h.t.s.i.ExceptionHandlerLoggedImpl     : GenerationTarget encountered exception accepting command : Error executing DDL "
    alter table config 
       modify column version_lock bigint" via JDBC [Cannot add or update a child row: a foreign key constraint fails (`apirest`.`#sql-16bc_21`, CONSTRAINT `FKen78ayfrm6vs2v60bk8h8esm8` FOREIGN KEY (`APPLICATION_NODE`) REFERENCES `application` (`ID`))]

org.hibernate.tool.schema.spi.CommandAcceptanceException: Error executing DDL "
    alter table config 
       modify column version_lock bigint" via JDBC [Cannot add or update a child row: a foreign key constraint fails (`apirest`.`#sql-16bc_21`, CONSTRAINT `FKen78ayfrm6vs2v60bk8h8esm8` FOREIGN KEY (`APPLICATION_NODE`) REFERENCES `application` (`ID`))]
	at org.hibernate.tool.schema.internal.exec.GenerationTargetToDatabase.accept(GenerationTargetToDatabase.java:81) ~[hibernate-core-7.2.7.Final.jar:7.2.7.Final]
	at org.hibernate.tool.schema.internal.AbstractSchemaMigrator.applySqlString(AbstractSchemaMigrator.java:566) ~[hibernate-core-7.2.7.Final.jar:7.2.7.Final]
	at org.hibernate.tool.schema.internal.AbstractSchemaMigrator.applySqlStrings(AbstractSchemaMigrator.java:506) ~[hibernate-core-7.2.7.Final.jar:7.2.7.Final]
	at org.hibernate.tool.schema.internal.AbstractSchemaMigrator.migrateTable(AbstractSchemaMigrator.java:324) ~[hibernate-core-7.2.7.Final.jar:7.2.7.Final]
	at org.hibernate.tool.schema.internal.GroupedSchemaMigratorImpl.performTablesMigration(GroupedSchemaMigratorImpl.java:84) ~[hibernate-core-7.2.7.Final.jar:7.2.7.Final]
	at org.hibernate.tool.schema.internal.AbstractSchemaMigrator.performMigration(AbstractSchemaMigrator.java:220) ~[hibernate-core-7.2.7.Final.jar:7.2.7.Final]
	at org.hibernate.tool.schema.internal.AbstractSchemaMigrator.doMigration(AbstractSchemaMigrator.java:96) ~[hibernate-core-7.2.7.Final.jar:7.2.7.Final]
	at org.hibernate.tool.schema.spi.SchemaManagementToolCoordinator.performDatabaseAction(SchemaManagementToolCoordinator.java:269) ~[hibernate-core-7.2.7.Final.jar:7.2.7.Final]
	at org.hibernate.tool.schema.spi.SchemaManagementToolCoordinator.lambda$process$1(SchemaManagementToolCoordinator.java:101) ~[hibernate-core-7.2.7.Final.jar:7.2.7.Final]
	at java.base/java.util.HashMap.forEach(HashMap.java:1429) ~[na:na]
	at org.hibernate.tool.schema.spi.SchemaManagementToolCoordinator.process(SchemaManagementToolCoordinator.java:100) ~[hibernate-core-7.2.7.Final.jar:7.2.7.Final]
	at org.hibernate.boot.internal.SessionFactoryObserverForSchemaExport.sessionFactoryCreated(SessionFactoryObserverForSchemaExport.java:35) ~[hibernate-core-7.2.7.Final.jar:7.2.7.Final]
	at org.hibernate.internal.SessionFactoryObserverChain.sessionFactoryCreated(SessionFactoryObserverChain.java:33) ~[hibernate-core-7.2.7.Final.jar:7.2.7.Final]
	at org.hibernate.internal.SessionFactoryImpl.<init>(SessionFactoryImpl.java:323) ~[hibernate-core-7.2.7.Final.jar:7.2.7.Final]
	at org.hibernate.internal.SessionFactoryRegistry.instantiateSessionFactory(SessionFactoryRegistry.java:64) ~[hibernate-core-7.2.7.Final.jar:7.2.7.Final]
	at org.hibernate.boot.internal.SessionFactoryBuilderImpl.build(SessionFactoryBuilderImpl.java:437) ~[hibernate-core-7.2.7.Final.jar:7.2.7.Final]
	at org.hibernate.jpa.boot.internal.EntityManagerFactoryBuilderImpl.build(EntityManagerFactoryBuilderImpl.java:1456) ~[hibernate-core-7.2.7.Final.jar:7.2.7.Final]
	at org.springframework.orm.jpa.vendor.SpringHibernateJpaPersistenceProvider.createContainerEntityManagerFactory(SpringHibernateJpaPersistenceProvider.java:93) ~[spring-orm-7.0.6.jar:7.0.6]
	at org.springframework.orm.jpa.LocalContainerEntityManagerFactoryBean.createNativeEntityManagerFactory(LocalContainerEntityManagerFactoryBean.java:443) ~[spring-orm-7.0.6.jar:7.0.6]
	at org.springframework.orm.jpa.AbstractEntityManagerFactoryBean.buildNativeEntityManagerFactory(AbstractEntityManagerFactoryBean.java:436) ~[spring-orm-7.0.6.jar:7.0.6]
	at org.springframework.orm.jpa.AbstractEntityManagerFactoryBean.afterPropertiesSet(AbstractEntityManagerFactoryBean.java:411) ~[spring-orm-7.0.6.jar:7.0.6]
	at org.springframework.orm.jpa.LocalContainerEntityManagerFactoryBean.afterPropertiesSet(LocalContainerEntityManagerFactoryBean.java:419) ~[spring-orm-7.0.6.jar:7.0.6]
	at org.springframework.beans.factory.support.AbstractAutowireCapableBeanFactory.invokeInitMethods(AbstractAutowireCapableBeanFactory.java:1864) ~[spring-beans-7.0.6.jar:7.0.6]
	at org.springframework.beans.factory.support.AbstractAutowireCapableBeanFactory.initializeBean(AbstractAutowireCapableBeanFactory.java:1813) ~[spring-beans-7.0.6.jar:7.0.6]
	at org.springframework.beans.factory.support.AbstractAutowireCapableBeanFactory.doCreateBean(AbstractAutowireCapableBeanFactory.java:603) ~[spring-beans-7.0.6.jar:7.0.6]
	at org.springframework.beans.factory.support.AbstractAutowireCapableBeanFactory.createBean(AbstractAutowireCapableBeanFactory.java:525) ~[spring-beans-7.0.6.jar:7.0.6]
	at org.springframework.beans.factory.support.AbstractBeanFactory.lambda$doGetBean$0(AbstractBeanFactory.java:333) ~[spring-beans-7.0.6.jar:7.0.6]
	at org.springframework.beans.factory.support.DefaultSingletonBeanRegistry.getSingleton(DefaultSingletonBeanRegistry.java:371) ~[spring-beans-7.0.6.jar:7.0.6]
	at org.springframework.beans.factory.support.AbstractBeanFactory.doGetBean(AbstractBeanFactory.java:331) ~[spring-beans-7.0.6.jar:7.0.6]
	at org.springframework.beans.factory.support.AbstractBeanFactory.getBean(AbstractBeanFactory.java:201) ~[spring-beans-7.0.6.jar:7.0.6]
	at org.springframework.context.support.AbstractApplicationContext.finishBeanFactoryInitialization(AbstractApplicationContext.java:977) ~[spring-context-7.0.6.jar:7.0.6]
	at org.springframework.context.support.AbstractApplicationContext.refresh(AbstractApplicationContext.java:621) ~[spring-context-7.0.6.jar:7.0.6]
	at org.springframework.boot.web.server.servlet.context.ServletWebServerApplicationContext.refresh(ServletWebServerApplicationContext.java:143) ~[spring-boot-web-server-4.0.4.jar:4.0.4]
	at org.springframework.boot.SpringApplication.refresh(SpringApplication.java:756) ~[spring-boot-4.0.4.jar:4.0.4]
	at org.springframework.boot.SpringApplication.refreshContext(SpringApplication.java:445) ~[spring-boot-4.0.4.jar:4.0.4]
	at org.springframework.boot.SpringApplication.run(SpringApplication.java:321) ~[spring-boot-4.0.4.jar:4.0.4]
	at org.springframework.boot.SpringApplication.run(SpringApplication.java:1365) ~[spring-boot-4.0.4.jar:4.0.4]
	at org.springframework.boot.SpringApplication.run(SpringApplication.java:1354) ~[spring-boot-4.0.4.jar:4.0.4]
	at org.example.apijson.ApiJsonApplication.main(ApiJsonApplication.java:10) ~[classes/:na]
Caused by: java.sql.SQLIntegrityConstraintViolationException: Cannot add or update a child row: a foreign key constraint fails (`apirest`.`#sql-16bc_21`, CONSTRAINT `FKen78ayfrm6vs2v60bk8h8esm8` FOREIGN KEY (`APPLICATION_NODE`) REFERENCES `application` (`ID`))
	at com.mysql.cj.jdbc.exceptions.SQLError.createSQLException(SQLError.java:109) ~[mysql-connector-j-9.6.0.jar:9.6.0]
	at com.mysql.cj.jdbc.exceptions.SQLExceptionsMapping.translateException(SQLExceptionsMapping.java:114) ~[mysql-connector-j-9.6.0.jar:9.6.0]
	at com.mysql.cj.jdbc.StatementImpl.executeInternal(StatementImpl.java:839) ~[mysql-connector-j-9.6.0.jar:9.6.0]
	at com.mysql.cj.jdbc.StatementImpl.execute(StatementImpl.java:687) ~[mysql-connector-j-9.6.0.jar:9.6.0]
	at com.zaxxer.hikari.pool.ProxyStatement.execute(ProxyStatement.java:95) ~[HikariCP-7.0.2.jar:na]
	at com.zaxxer.hikari.pool.HikariProxyStatement.execute(HikariProxyStatement.java) ~[HikariCP-7.0.2.jar:na]
	at org.hibernate.tool.schema.internal.exec.GenerationTargetToDatabase.accept(GenerationTargetToDatabase.java:76) ~[hibernate-core-7.2.7.Final.jar:7.2.7.Final]
	... 38 common frames omitted

2026-04-06T09:50:48.109+02:00  INFO 13472 --- [apijson] [main] j.LocalContainerEntityManagerFactoryBean : Initialized JPA EntityManagerFactory for persistence unit 'default'
2026-04-06T09:50:48.235+02:00  INFO 13472 --- [apijson] [main] o.s.d.j.r.query.QueryEnhancerFactories   : Hibernate is in classpath; If applicable, HQL parser will be used.
2026-04-06T09:50:49.386+02:00  INFO 13472 --- [apijson] [main] o.s.boot.tomcat.TomcatWebServer          : Tomcat started on port 8080 (http) with context path '/'
2026-04-06T09:50:49.393+02:00  INFO 13472 --- [apijson] [main] org.example.apijson.ApiJsonApplication   : Started ApiJsonApplication in 7.75 seconds (process running for 9.283)
2026-04-06T09:51:14.913+02:00  INFO 13472 --- [apijson] [SpringApplicationShutdownHook] o.s.boot.tomcat.GracefulShutdown         : Commencing graceful shutdown. Waiting for active requests to complete
2026-04-06T09:51:14.927+02:00  INFO 13472 --- [apijson] [tomcat-shutdown] o.s.boot.tomcat.GracefulShutdown         : Graceful shutdown complete
2026-04-06T09:51:14.936+02:00  INFO 13472 --- [apijson] [SpringApplicationShutdownHook] j.LocalContainerEntityManagerFactoryBean : Closing JPA EntityManagerFactory for persistence unit 'default'
2026-04-06T09:51:14.940+02:00  INFO 13472 --- [apijson] [SpringApplicationShutdownHook] com.zaxxer.hikari.HikariDataSource       : HikariPool-1 - Shutdown initiated...
2026-04-06T09:51:14.952+02:00  INFO 13472 --- [apijson] [SpringApplicationShutdownHook] com.zaxxer.hikari.HikariDataSource       : HikariPool-1 - Shutdown completed.
2026-04-06T09:52:09.222+02:00  INFO 10100 --- [apijson] [main] org.example.apijson.ApiJsonApplication   : Starting ApiJsonApplication using Java 21.0.10 with PID 10100 (C:\Users\gvega\IdeaProjects\ApiJson\target\classes started by gvega in C:\Users\gvega\IdeaProjects\ApiJson)
2026-04-06T09:52:09.226+02:00  INFO 10100 --- [apijson] [main] org.example.apijson.ApiJsonApplication   : No active profile set, falling back to 1 default profile: "default"
2026-04-06T09:52:10.257+02:00  INFO 10100 --- [apijson] [main] .s.d.r.c.RepositoryConfigurationDelegate : Bootstrapping Spring Data JPA repositories in DEFAULT mode.
2026-04-06T09:52:10.337+02:00  INFO 10100 --- [apijson] [main] .s.d.r.c.RepositoryConfigurationDelegate : Finished Spring Data repository scanning in 68 ms. Found 4 JPA repository interfaces.
2026-04-06T09:52:10.943+02:00  INFO 10100 --- [apijson] [main] o.s.boot.tomcat.TomcatWebServer          : Tomcat initialized with port 8080 (http)
2026-04-06T09:52:10.963+02:00  INFO 10100 --- [apijson] [main] o.apache.catalina.core.StandardService   : Starting service [Tomcat]
2026-04-06T09:52:10.964+02:00  INFO 10100 --- [apijson] [main] o.apache.catalina.core.StandardEngine    : Starting Servlet engine: [Apache Tomcat/11.0.18]
2026-04-06T09:52:11.064+02:00  INFO 10100 --- [apijson] [main] b.w.c.s.WebApplicationContextInitializer : Root WebApplicationContext: initialization completed in 1777 ms
2026-04-06T09:52:11.359+02:00  INFO 10100 --- [apijson] [main] org.hibernate.orm.jpa                    : HHH008540: Processing PersistenceUnitInfo [name: default]
2026-04-06T09:52:11.426+02:00  INFO 10100 --- [apijson] [main] org.hibernate.orm.core                   : HHH000001: Hibernate ORM core version 7.2.7.Final
2026-04-06T09:52:12.023+02:00  INFO 10100 --- [apijson] [main] o.s.o.j.p.SpringPersistenceUnitInfo      : No LoadTimeWeaver setup: ignoring JPA class transformer
2026-04-06T09:52:12.054+02:00  INFO 10100 --- [apijson] [main] com.zaxxer.hikari.HikariDataSource       : HikariPool-1 - Starting...
2026-04-06T09:52:12.483+02:00  INFO 10100 --- [apijson] [main] com.zaxxer.hikari.pool.HikariPool        : HikariPool-1 - Added connection com.mysql.cj.jdbc.ConnectionImpl@603c2dee
2026-04-06T09:52:12.483+02:00  INFO 10100 --- [apijson] [main] com.zaxxer.hikari.HikariDataSource       : HikariPool-1 - Start completed.
2026-04-06T09:52:12.552+02:00  WARN 10100 --- [apijson] [main] org.hibernate.orm.deprecation            : HHH90000025: MySQLDialect does not need to be specified explicitly using 'hibernate.dialect' (remove the property setting and it will be selected by default)
2026-04-06T09:52:12.563+02:00  INFO 10100 --- [apijson] [main] org.hibernate.orm.connections.pooling    : HHH10001005: Database info:
	Database JDBC URL [jdbc:mysql://localhost:3306/apirest]
	Database driver: MySQL Connector/J
	Database dialect: MySQLDialect
	Database version: 8.0.45
	Default catalog/schema: apirest/undefined
	Autocommit mode: undefined/unknown
	Isolation level: REPEATABLE_READ [default REPEATABLE_READ]
	JDBC fetch size: none
	Pool: DataSourceConnectionProvider
	Minimum pool size: undefined/unknown
	Maximum pool size: undefined/unknown
2026-04-06T09:52:13.875+02:00  INFO 10100 --- [apijson] [main] org.hibernate.orm.core                   : HHH000489: No JTA platform available (set 'hibernate.transaction.jta.platform' to enable JTA platform integration)
2026-04-06T09:52:14.334+02:00  WARN 10100 --- [apijson] [main] o.h.t.s.i.ExceptionHandlerLoggedImpl     : GenerationTarget encountered exception accepting command : Error executing DDL "
    alter table config 
       modify column application_node varchar(255)" via JDBC [Cannot change column 'APPLICATION_NODE': used in a foreign key constraint 'FKen78ayfrm6vs2v60bk8h8esm8']

org.hibernate.tool.schema.spi.CommandAcceptanceException: Error executing DDL "
    alter table config 
       modify column application_node varchar(255)" via JDBC [Cannot change column 'APPLICATION_NODE': used in a foreign key constraint 'FKen78ayfrm6vs2v60bk8h8esm8']
	at org.hibernate.tool.schema.internal.exec.GenerationTargetToDatabase.accept(GenerationTargetToDatabase.java:81) ~[hibernate-core-7.2.7.Final.jar:7.2.7.Final]
	at org.hibernate.tool.schema.internal.AbstractSchemaMigrator.applySqlString(AbstractSchemaMigrator.java:566) ~[hibernate-core-7.2.7.Final.jar:7.2.7.Final]
	at org.hibernate.tool.schema.internal.AbstractSchemaMigrator.applySqlStrings(AbstractSchemaMigrator.java:506) ~[hibernate-core-7.2.7.Final.jar:7.2.7.Final]
	at org.hibernate.tool.schema.internal.AbstractSchemaMigrator.migrateTable(AbstractSchemaMigrator.java:324) ~[hibernate-core-7.2.7.Final.jar:7.2.7.Final]
	at org.hibernate.tool.schema.internal.GroupedSchemaMigratorImpl.performTablesMigration(GroupedSchemaMigratorImpl.java:84) ~[hibernate-core-7.2.7.Final.jar:7.2.7.Final]
	at org.hibernate.tool.schema.internal.AbstractSchemaMigrator.performMigration(AbstractSchemaMigrator.java:220) ~[hibernate-core-7.2.7.Final.jar:7.2.7.Final]
	at org.hibernate.tool.schema.internal.AbstractSchemaMigrator.doMigration(AbstractSchemaMigrator.java:96) ~[hibernate-core-7.2.7.Final.jar:7.2.7.Final]
	at org.hibernate.tool.schema.spi.SchemaManagementToolCoordinator.performDatabaseAction(SchemaManagementToolCoordinator.java:269) ~[hibernate-core-7.2.7.Final.jar:7.2.7.Final]
	at org.hibernate.tool.schema.spi.SchemaManagementToolCoordinator.lambda$process$1(SchemaManagementToolCoordinator.java:101) ~[hibernate-core-7.2.7.Final.jar:7.2.7.Final]
	at java.base/java.util.HashMap.forEach(HashMap.java:1429) ~[na:na]
	at org.hibernate.tool.schema.spi.SchemaManagementToolCoordinator.process(SchemaManagementToolCoordinator.java:100) ~[hibernate-core-7.2.7.Final.jar:7.2.7.Final]
	at org.hibernate.boot.internal.SessionFactoryObserverForSchemaExport.sessionFactoryCreated(SessionFactoryObserverForSchemaExport.java:35) ~[hibernate-core-7.2.7.Final.jar:7.2.7.Final]
	at org.hibernate.internal.SessionFactoryObserverChain.sessionFactoryCreated(SessionFactoryObserverChain.java:33) ~[hibernate-core-7.2.7.Final.jar:7.2.7.Final]
	at org.hibernate.internal.SessionFactoryImpl.<init>(SessionFactoryImpl.java:323) ~[hibernate-core-7.2.7.Final.jar:7.2.7.Final]
	at org.hibernate.internal.SessionFactoryRegistry.instantiateSessionFactory(SessionFactoryRegistry.java:64) ~[hibernate-core-7.2.7.Final.jar:7.2.7.Final]
	at org.hibernate.boot.internal.SessionFactoryBuilderImpl.build(SessionFactoryBuilderImpl.java:437) ~[hibernate-core-7.2.7.Final.jar:7.2.7.Final]
	at org.hibernate.jpa.boot.internal.EntityManagerFactoryBuilderImpl.build(EntityManagerFactoryBuilderImpl.java:1456) ~[hibernate-core-7.2.7.Final.jar:7.2.7.Final]
	at org.springframework.orm.jpa.vendor.SpringHibernateJpaPersistenceProvider.createContainerEntityManagerFactory(SpringHibernateJpaPersistenceProvider.java:93) ~[spring-orm-7.0.6.jar:7.0.6]
	at org.springframework.orm.jpa.LocalContainerEntityManagerFactoryBean.createNativeEntityManagerFactory(LocalContainerEntityManagerFactoryBean.java:443) ~[spring-orm-7.0.6.jar:7.0.6]
	at org.springframework.orm.jpa.AbstractEntityManagerFactoryBean.buildNativeEntityManagerFactory(AbstractEntityManagerFactoryBean.java:436) ~[spring-orm-7.0.6.jar:7.0.6]
	at org.springframework.orm.jpa.AbstractEntityManagerFactoryBean.afterPropertiesSet(AbstractEntityManagerFactoryBean.java:411) ~[spring-orm-7.0.6.jar:7.0.6]
	at org.springframework.orm.jpa.LocalContainerEntityManagerFactoryBean.afterPropertiesSet(LocalContainerEntityManagerFactoryBean.java:419) ~[spring-orm-7.0.6.jar:7.0.6]
	at org.springframework.beans.factory.support.AbstractAutowireCapableBeanFactory.invokeInitMethods(AbstractAutowireCapableBeanFactory.java:1864) ~[spring-beans-7.0.6.jar:7.0.6]
	at org.springframework.beans.factory.support.AbstractAutowireCapableBeanFactory.initializeBean(AbstractAutowireCapableBeanFactory.java:1813) ~[spring-beans-7.0.6.jar:7.0.6]
	at org.springframework.beans.factory.support.AbstractAutowireCapableBeanFactory.doCreateBean(AbstractAutowireCapableBeanFactory.java:603) ~[spring-beans-7.0.6.jar:7.0.6]
	at org.springframework.beans.factory.support.AbstractAutowireCapableBeanFactory.createBean(AbstractAutowireCapableBeanFactory.java:525) ~[spring-beans-7.0.6.jar:7.0.6]
	at org.springframework.beans.factory.support.AbstractBeanFactory.lambda$doGetBean$0(AbstractBeanFactory.java:333) ~[spring-beans-7.0.6.jar:7.0.6]
	at org.springframework.beans.factory.support.DefaultSingletonBeanRegistry.getSingleton(DefaultSingletonBeanRegistry.java:371) ~[spring-beans-7.0.6.jar:7.0.6]
	at org.springframework.beans.factory.support.AbstractBeanFactory.doGetBean(AbstractBeanFactory.java:331) ~[spring-beans-7.0.6.jar:7.0.6]
	at org.springframework.beans.factory.support.AbstractBeanFactory.getBean(AbstractBeanFactory.java:201) ~[spring-beans-7.0.6.jar:7.0.6]
	at org.springframework.context.support.AbstractApplicationContext.finishBeanFactoryInitialization(AbstractApplicationContext.java:977) ~[spring-context-7.0.6.jar:7.0.6]
	at org.springframework.context.support.AbstractApplicationContext.refresh(AbstractApplicationContext.java:621) ~[spring-context-7.0.6.jar:7.0.6]
	at org.springframework.boot.web.server.servlet.context.ServletWebServerApplicationContext.refresh(ServletWebServerApplicationContext.java:143) ~[spring-boot-web-server-4.0.4.jar:4.0.4]
	at org.springframework.boot.SpringApplication.refresh(SpringApplication.java:756) ~[spring-boot-4.0.4.jar:4.0.4]
	at org.springframework.boot.SpringApplication.refreshContext(SpringApplication.java:445) ~[spring-boot-4.0.4.jar:4.0.4]
	at org.springframework.boot.SpringApplication.run(SpringApplication.java:321) ~[spring-boot-4.0.4.jar:4.0.4]
	at org.springframework.boot.SpringApplication.run(SpringApplication.java:1365) ~[spring-boot-4.0.4.jar:4.0.4]
	at org.springframework.boot.SpringApplication.run(SpringApplication.java:1354) ~[spring-boot-4.0.4.jar:4.0.4]
	at org.example.apijson.ApiJsonApplication.main(ApiJsonApplication.java:10) ~[classes/:na]
Caused by: java.sql.SQLException: Cannot change column 'APPLICATION_NODE': used in a foreign key constraint 'FKen78ayfrm6vs2v60bk8h8esm8'
	at com.mysql.cj.jdbc.exceptions.SQLError.createSQLException(SQLError.java:121) ~[mysql-connector-j-9.6.0.jar:9.6.0]
	at com.mysql.cj.jdbc.exceptions.SQLExceptionsMapping.translateException(SQLExceptionsMapping.java:114) ~[mysql-connector-j-9.6.0.jar:9.6.0]
	at com.mysql.cj.jdbc.StatementImpl.executeInternal(StatementImpl.java:839) ~[mysql-connector-j-9.6.0.jar:9.6.0]
	at com.mysql.cj.jdbc.StatementImpl.execute(StatementImpl.java:687) ~[mysql-connector-j-9.6.0.jar:9.6.0]
	at com.zaxxer.hikari.pool.ProxyStatement.execute(ProxyStatement.java:95) ~[HikariCP-7.0.2.jar:na]
	at com.zaxxer.hikari.pool.HikariProxyStatement.execute(HikariProxyStatement.java) ~[HikariCP-7.0.2.jar:na]
	at org.hibernate.tool.schema.internal.exec.GenerationTargetToDatabase.accept(GenerationTargetToDatabase.java:76) ~[hibernate-core-7.2.7.Final.jar:7.2.7.Final]
	... 38 common frames omitted

2026-04-06T09:52:14.411+02:00  WARN 10100 --- [apijson] [main] o.h.t.s.i.ExceptionHandlerLoggedImpl     : GenerationTarget encountered exception accepting command : Error executing DDL "
    alter table config 
       modify column version_lock bigint" via JDBC [Cannot add or update a child row: a foreign key constraint fails (`apirest`.`#sql-16bc_2b`, CONSTRAINT `FKen78ayfrm6vs2v60bk8h8esm8` FOREIGN KEY (`APPLICATION_NODE`) REFERENCES `application` (`ID`))]

org.hibernate.tool.schema.spi.CommandAcceptanceException: Error executing DDL "
    alter table config 
       modify column version_lock bigint" via JDBC [Cannot add or update a child row: a foreign key constraint fails (`apirest`.`#sql-16bc_2b`, CONSTRAINT `FKen78ayfrm6vs2v60bk8h8esm8` FOREIGN KEY (`APPLICATION_NODE`) REFERENCES `application` (`ID`))]
	at org.hibernate.tool.schema.internal.exec.GenerationTargetToDatabase.accept(GenerationTargetToDatabase.java:81) ~[hibernate-core-7.2.7.Final.jar:7.2.7.Final]
	at org.hibernate.tool.schema.internal.AbstractSchemaMigrator.applySqlString(AbstractSchemaMigrator.java:566) ~[hibernate-core-7.2.7.Final.jar:7.2.7.Final]
	at org.hibernate.tool.schema.internal.AbstractSchemaMigrator.applySqlStrings(AbstractSchemaMigrator.java:506) ~[hibernate-core-7.2.7.Final.jar:7.2.7.Final]
	at org.hibernate.tool.schema.internal.AbstractSchemaMigrator.migrateTable(AbstractSchemaMigrator.java:324) ~[hibernate-core-7.2.7.Final.jar:7.2.7.Final]
	at org.hibernate.tool.schema.internal.GroupedSchemaMigratorImpl.performTablesMigration(GroupedSchemaMigratorImpl.java:84) ~[hibernate-core-7.2.7.Final.jar:7.2.7.Final]
	at org.hibernate.tool.schema.internal.AbstractSchemaMigrator.performMigration(AbstractSchemaMigrator.java:220) ~[hibernate-core-7.2.7.Final.jar:7.2.7.Final]
	at org.hibernate.tool.schema.internal.AbstractSchemaMigrator.doMigration(AbstractSchemaMigrator.java:96) ~[hibernate-core-7.2.7.Final.jar:7.2.7.Final]
	at org.hibernate.tool.schema.spi.SchemaManagementToolCoordinator.performDatabaseAction(SchemaManagementToolCoordinator.java:269) ~[hibernate-core-7.2.7.Final.jar:7.2.7.Final]
	at org.hibernate.tool.schema.spi.SchemaManagementToolCoordinator.lambda$process$1(SchemaManagementToolCoordinator.java:101) ~[hibernate-core-7.2.7.Final.jar:7.2.7.Final]
	at java.base/java.util.HashMap.forEach(HashMap.java:1429) ~[na:na]
	at org.hibernate.tool.schema.spi.SchemaManagementToolCoordinator.process(SchemaManagementToolCoordinator.java:100) ~[hibernate-core-7.2.7.Final.jar:7.2.7.Final]
	at org.hibernate.boot.internal.SessionFactoryObserverForSchemaExport.sessionFactoryCreated(SessionFactoryObserverForSchemaExport.java:35) ~[hibernate-core-7.2.7.Final.jar:7.2.7.Final]
	at org.hibernate.internal.SessionFactoryObserverChain.sessionFactoryCreated(SessionFactoryObserverChain.java:33) ~[hibernate-core-7.2.7.Final.jar:7.2.7.Final]
	at org.hibernate.internal.SessionFactoryImpl.<init>(SessionFactoryImpl.java:323) ~[hibernate-core-7.2.7.Final.jar:7.2.7.Final]
	at org.hibernate.internal.SessionFactoryRegistry.instantiateSessionFactory(SessionFactoryRegistry.java:64) ~[hibernate-core-7.2.7.Final.jar:7.2.7.Final]
	at org.hibernate.boot.internal.SessionFactoryBuilderImpl.build(SessionFactoryBuilderImpl.java:437) ~[hibernate-core-7.2.7.Final.jar:7.2.7.Final]
	at org.hibernate.jpa.boot.internal.EntityManagerFactoryBuilderImpl.build(EntityManagerFactoryBuilderImpl.java:1456) ~[hibernate-core-7.2.7.Final.jar:7.2.7.Final]
	at org.springframework.orm.jpa.vendor.SpringHibernateJpaPersistenceProvider.createContainerEntityManagerFactory(SpringHibernateJpaPersistenceProvider.java:93) ~[spring-orm-7.0.6.jar:7.0.6]
	at org.springframework.orm.jpa.LocalContainerEntityManagerFactoryBean.createNativeEntityManagerFactory(LocalContainerEntityManagerFactoryBean.java:443) ~[spring-orm-7.0.6.jar:7.0.6]
	at org.springframework.orm.jpa.AbstractEntityManagerFactoryBean.buildNativeEntityManagerFactory(AbstractEntityManagerFactoryBean.java:436) ~[spring-orm-7.0.6.jar:7.0.6]
	at org.springframework.orm.jpa.AbstractEntityManagerFactoryBean.afterPropertiesSet(AbstractEntityManagerFactoryBean.java:411) ~[spring-orm-7.0.6.jar:7.0.6]
	at org.springframework.orm.jpa.LocalContainerEntityManagerFactoryBean.afterPropertiesSet(LocalContainerEntityManagerFactoryBean.java:419) ~[spring-orm-7.0.6.jar:7.0.6]
	at org.springframework.beans.factory.support.AbstractAutowireCapableBeanFactory.invokeInitMethods(AbstractAutowireCapableBeanFactory.java:1864) ~[spring-beans-7.0.6.jar:7.0.6]
	at org.springframework.beans.factory.support.AbstractAutowireCapableBeanFactory.initializeBean(AbstractAutowireCapableBeanFactory.java:1813) ~[spring-beans-7.0.6.jar:7.0.6]
	at org.springframework.beans.factory.support.AbstractAutowireCapableBeanFactory.doCreateBean(AbstractAutowireCapableBeanFactory.java:603) ~[spring-beans-7.0.6.jar:7.0.6]
	at org.springframework.beans.factory.support.AbstractAutowireCapableBeanFactory.createBean(AbstractAutowireCapableBeanFactory.java:525) ~[spring-beans-7.0.6.jar:7.0.6]
	at org.springframework.beans.factory.support.AbstractBeanFactory.lambda$doGetBean$0(AbstractBeanFactory.java:333) ~[spring-beans-7.0.6.jar:7.0.6]
	at org.springframework.beans.factory.support.DefaultSingletonBeanRegistry.getSingleton(DefaultSingletonBeanRegistry.java:371) ~[spring-beans-7.0.6.jar:7.0.6]
	at org.springframework.beans.factory.support.AbstractBeanFactory.doGetBean(AbstractBeanFactory.java:331) ~[spring-beans-7.0.6.jar:7.0.6]
	at org.springframework.beans.factory.support.AbstractBeanFactory.getBean(AbstractBeanFactory.java:201) ~[spring-beans-7.0.6.jar:7.0.6]
	at org.springframework.context.support.AbstractApplicationContext.finishBeanFactoryInitialization(AbstractApplicationContext.java:977) ~[spring-context-7.0.6.jar:7.0.6]
	at org.springframework.context.support.AbstractApplicationContext.refresh(AbstractApplicationContext.java:621) ~[spring-context-7.0.6.jar:7.0.6]
	at org.springframework.boot.web.server.servlet.context.ServletWebServerApplicationContext.refresh(ServletWebServerApplicationContext.java:143) ~[spring-boot-web-server-4.0.4.jar:4.0.4]
	at org.springframework.boot.SpringApplication.refresh(SpringApplication.java:756) ~[spring-boot-4.0.4.jar:4.0.4]
	at org.springframework.boot.SpringApplication.refreshContext(SpringApplication.java:445) ~[spring-boot-4.0.4.jar:4.0.4]
	at org.springframework.boot.SpringApplication.run(SpringApplication.java:321) ~[spring-boot-4.0.4.jar:4.0.4]
	at org.springframework.boot.SpringApplication.run(SpringApplication.java:1365) ~[spring-boot-4.0.4.jar:4.0.4]
	at org.springframework.boot.SpringApplication.run(SpringApplication.java:1354) ~[spring-boot-4.0.4.jar:4.0.4]
	at org.example.apijson.ApiJsonApplication.main(ApiJsonApplication.java:10) ~[classes/:na]
Caused by: java.sql.SQLIntegrityConstraintViolationException: Cannot add or update a child row: a foreign key constraint fails (`apirest`.`#sql-16bc_2b`, CONSTRAINT `FKen78ayfrm6vs2v60bk8h8esm8` FOREIGN KEY (`APPLICATION_NODE`) REFERENCES `application` (`ID`))
	at com.mysql.cj.jdbc.exceptions.SQLError.createSQLException(SQLError.java:109) ~[mysql-connector-j-9.6.0.jar:9.6.0]
	at com.mysql.cj.jdbc.exceptions.SQLExceptionsMapping.translateException(SQLExceptionsMapping.java:114) ~[mysql-connector-j-9.6.0.jar:9.6.0]
	at com.mysql.cj.jdbc.StatementImpl.executeInternal(StatementImpl.java:839) ~[mysql-connector-j-9.6.0.jar:9.6.0]
	at com.mysql.cj.jdbc.StatementImpl.execute(StatementImpl.java:687) ~[mysql-connector-j-9.6.0.jar:9.6.0]
	at com.zaxxer.hikari.pool.ProxyStatement.execute(ProxyStatement.java:95) ~[HikariCP-7.0.2.jar:na]
	at com.zaxxer.hikari.pool.HikariProxyStatement.execute(HikariProxyStatement.java) ~[HikariCP-7.0.2.jar:na]
	at org.hibernate.tool.schema.internal.exec.GenerationTargetToDatabase.accept(GenerationTargetToDatabase.java:76) ~[hibernate-core-7.2.7.Final.jar:7.2.7.Final]
	... 38 common frames omitted

2026-04-06T09:52:14.455+02:00  INFO 10100 --- [apijson] [main] j.LocalContainerEntityManagerFactoryBean : Initialized JPA EntityManagerFactory for persistence unit 'default'
2026-04-06T09:52:14.576+02:00  INFO 10100 --- [apijson] [main] o.s.d.j.r.query.QueryEnhancerFactories   : Hibernate is in classpath; If applicable, HQL parser will be used.
2026-04-06T09:52:15.743+02:00  INFO 10100 --- [apijson] [main] o.s.boot.tomcat.TomcatWebServer          : Tomcat started on port 8080 (http) with context path '/'
2026-04-06T09:52:15.759+02:00  INFO 10100 --- [apijson] [main] org.example.apijson.ApiJsonApplication   : Started ApiJsonApplication in 7.269 seconds (process running for 8.414)
2026-04-06T09:52:47.696+02:00  INFO 10100 --- [apijson] [http-nio-8080-exec-1] o.a.c.c.C.[Tomcat].[localhost].[/]       : Initializing Spring DispatcherServlet 'dispatcherServlet'
2026-04-06T09:52:47.696+02:00  INFO 10100 --- [apijson] [http-nio-8080-exec-1] o.s.web.servlet.DispatcherServlet        : Initializing Servlet 'dispatcherServlet'
2026-04-06T09:52:47.697+02:00  INFO 10100 --- [apijson] [http-nio-8080-exec-1] o.s.web.servlet.DispatcherServlet        : Completed initialization in 1 ms
2026-04-06T09:52:48.450+02:00  INFO 10100 --- [apijson] [http-nio-8080-exec-4] o.springdoc.api.AbstractOpenApiResource  : Init duration for springdoc-openapi is: 530 ms
2026-04-06T09:55:19.618+02:00  INFO 10100 --- [apijson] [http-nio-8080-exec-7] o.e.a.Servicio.DeserializarService       : validación exitosa para el atributo 'indicators'
2026-04-06T09:55:48.601+02:00  INFO 10100 --- [apijson] [SpringApplicationShutdownHook] o.s.boot.tomcat.GracefulShutdown         : Commencing graceful shutdown. Waiting for active requests to complete
2026-04-06T09:55:48.616+02:00  INFO 10100 --- [apijson] [tomcat-shutdown] o.s.boot.tomcat.GracefulShutdown         : Graceful shutdown complete
2026-04-06T09:55:48.625+02:00  INFO 10100 --- [apijson] [SpringApplicationShutdownHook] j.LocalContainerEntityManagerFactoryBean : Closing JPA EntityManagerFactory for persistence unit 'default'
2026-04-06T09:55:48.629+02:00  INFO 10100 --- [apijson] [SpringApplicationShutdownHook] com.zaxxer.hikari.HikariDataSource       : HikariPool-1 - Shutdown initiated...
2026-04-06T09:55:48.637+02:00  INFO 10100 --- [apijson] [SpringApplicationShutdownHook] com.zaxxer.hikari.HikariDataSource       : HikariPool-1 - Shutdown completed.
2026-04-06T09:58:04.642+02:00  INFO 1012 --- [apijson] [main] org.example.apijson.ApiJsonApplication   : Starting ApiJsonApplication using Java 21.0.10 with PID 1012 (C:\Users\gvega\IdeaProjects\ApiJson\target\classes started by gvega in C:\Users\gvega\IdeaProjects\ApiJson)
2026-04-06T09:58:04.647+02:00  INFO 1012 --- [apijson] [main] org.example.apijson.ApiJsonApplication   : No active profile set, falling back to 1 default profile: "default"
2026-04-06T09:58:05.919+02:00  INFO 1012 --- [apijson] [main] .s.d.r.c.RepositoryConfigurationDelegate : Bootstrapping Spring Data JPA repositories in DEFAULT mode.
2026-04-06T09:58:06.020+02:00  INFO 1012 --- [apijson] [main] .s.d.r.c.RepositoryConfigurationDelegate : Finished Spring Data repository scanning in 84 ms. Found 4 JPA repository interfaces.
2026-04-06T09:58:06.742+02:00  INFO 1012 --- [apijson] [main] o.s.boot.tomcat.TomcatWebServer          : Tomcat initialized with port 8080 (http)
2026-04-06T09:58:06.758+02:00  INFO 1012 --- [apijson] [main] o.apache.catalina.core.StandardService   : Starting service [Tomcat]
2026-04-06T09:58:06.759+02:00  INFO 1012 --- [apijson] [main] o.apache.catalina.core.StandardEngine    : Starting Servlet engine: [Apache Tomcat/11.0.18]
2026-04-06T09:58:06.834+02:00  INFO 1012 --- [apijson] [main] b.w.c.s.WebApplicationContextInitializer : Root WebApplicationContext: initialization completed in 2110 ms
2026-04-06T09:58:07.067+02:00  INFO 1012 --- [apijson] [main] org.hibernate.orm.jpa                    : HHH008540: Processing PersistenceUnitInfo [name: default]
2026-04-06T09:58:07.127+02:00  INFO 1012 --- [apijson] [main] org.hibernate.orm.core                   : HHH000001: Hibernate ORM core version 7.2.7.Final
2026-04-06T09:58:07.850+02:00  INFO 1012 --- [apijson] [main] o.s.o.j.p.SpringPersistenceUnitInfo      : No LoadTimeWeaver setup: ignoring JPA class transformer
2026-04-06T09:58:07.890+02:00  INFO 1012 --- [apijson] [main] com.zaxxer.hikari.HikariDataSource       : HikariPool-1 - Starting...
2026-04-06T09:58:08.274+02:00  INFO 1012 --- [apijson] [main] com.zaxxer.hikari.pool.HikariPool        : HikariPool-1 - Added connection com.mysql.cj.jdbc.ConnectionImpl@771cbd13
2026-04-06T09:58:08.276+02:00  INFO 1012 --- [apijson] [main] com.zaxxer.hikari.HikariDataSource       : HikariPool-1 - Start completed.
2026-04-06T09:58:08.346+02:00  WARN 1012 --- [apijson] [main] org.hibernate.orm.deprecation            : HHH90000025: MySQLDialect does not need to be specified explicitly using 'hibernate.dialect' (remove the property setting and it will be selected by default)
2026-04-06T09:58:08.369+02:00  INFO 1012 --- [apijson] [main] org.hibernate.orm.connections.pooling    : HHH10001005: Database info:
	Database JDBC URL [jdbc:mysql://localhost:3306/apirest]
	Database driver: MySQL Connector/J
	Database dialect: MySQLDialect
	Database version: 8.0.45
	Default catalog/schema: apirest/undefined
	Autocommit mode: undefined/unknown
	Isolation level: REPEATABLE_READ [default REPEATABLE_READ]
	JDBC fetch size: none
	Pool: DataSourceConnectionProvider
	Minimum pool size: undefined/unknown
	Maximum pool size: undefined/unknown
2026-04-06T09:58:09.605+02:00  INFO 1012 --- [apijson] [main] org.hibernate.orm.core                   : HHH000489: No JTA platform available (set 'hibernate.transaction.jta.platform' to enable JTA platform integration)
2026-04-06T09:58:10.273+02:00  INFO 1012 --- [apijson] [main] j.LocalContainerEntityManagerFactoryBean : Initialized JPA EntityManagerFactory for persistence unit 'default'
2026-04-06T09:58:10.377+02:00  INFO 1012 --- [apijson] [main] o.s.d.j.r.query.QueryEnhancerFactories   : Hibernate is in classpath; If applicable, HQL parser will be used.
2026-04-06T09:58:11.447+02:00  INFO 1012 --- [apijson] [main] o.s.boot.tomcat.TomcatWebServer          : Tomcat started on port 8080 (http) with context path '/'
2026-04-06T09:58:11.457+02:00  INFO 1012 --- [apijson] [main] org.example.apijson.ApiJsonApplication   : Started ApiJsonApplication in 7.614 seconds (process running for 8.697)
2026-04-06T10:07:46.414+02:00  INFO 1012 --- [apijson] [http-nio-8080-exec-2] o.a.c.c.C.[Tomcat].[localhost].[/]       : Initializing Spring DispatcherServlet 'dispatcherServlet'
2026-04-06T10:07:46.416+02:00  INFO 1012 --- [apijson] [http-nio-8080-exec-2] o.s.web.servlet.DispatcherServlet        : Initializing Servlet 'dispatcherServlet'
2026-04-06T10:07:46.418+02:00  INFO 1012 --- [apijson] [http-nio-8080-exec-2] o.s.web.servlet.DispatcherServlet        : Completed initialization in 2 ms
2026-04-06T10:09:32.294+02:00 ERROR 1012 --- [apijson] [http-nio-8080-exec-3] o.e.a.Servicio.DeserializarService       : Error al procesar el nodo 'CLIENTID'. Saltando al siguiente, motivo: Query did not return a unique result: 2 results were returned
2026-04-06T10:09:32.295+02:00 ERROR 1012 --- [apijson] [http-nio-8080-exec-3] o.e.a.Servicio.DeserializarService       : Error al procesar el nodo 'ORCHESTRATOR'. Saltando al siguiente, motivo: Error de validación al importar el  json: Query did not return a unique result: 2 results were returned
2026-04-06T10:11:58.900+02:00 ERROR 1012 --- [apijson] [http-nio-8080-exec-4] o.e.a.Servicio.DeserializarService       : Error al procesar el nodo 'CLIENTID'. Saltando al siguiente, motivo: Query did not return a unique result: 2 results were returned
2026-04-06T10:11:58.900+02:00 ERROR 1012 --- [apijson] [http-nio-8080-exec-4] o.e.a.Servicio.DeserializarService       : Error al procesar el nodo 'ORCHESTRATOR'. Saltando al siguiente, motivo: Error de validación al importar el  json: Query did not return a unique result: 2 results were returned
2026-04-06T10:12:27.310+02:00 ERROR 1012 --- [apijson] [http-nio-8080-exec-5] o.e.a.Servicio.DeserializarService       : Error al procesar el nodo 'CLIENTID'. Saltando al siguiente, motivo: Query did not return a unique result: 2 results were returned
2026-04-06T10:12:27.310+02:00 ERROR 1012 --- [apijson] [http-nio-8080-exec-5] o.e.a.Servicio.DeserializarService       : Error al procesar el nodo 'ORCHESTRATOR'. Saltando al siguiente, motivo: Error de validación al importar el  json: Query did not return a unique result: 2 results were returned
2026-04-06T10:13:41.565+02:00 ERROR 1012 --- [apijson] [http-nio-8080-exec-8] o.e.a.Servicio.DeserializarService       : Error al procesar el nodo 'CLIENTID'. Saltando al siguiente, motivo: Query did not return a unique result: 2 results were returned
2026-04-06T10:13:41.565+02:00 ERROR 1012 --- [apijson] [http-nio-8080-exec-8] o.e.a.Servicio.DeserializarService       : Error al procesar el nodo 'ORCHESTRATOR'. Saltando al siguiente, motivo: Error de validación al importar el  json: Query did not return a unique result: 2 results were returned
2026-04-06T10:14:48.475+02:00 ERROR 1012 --- [apijson] [http-nio-8080-exec-7] o.e.a.Servicio.DeserializarService       : Error al procesar el nodo 'CLIENTID'. Saltando al siguiente, motivo: Query did not return a unique result: 2 results were returned
2026-04-06T10:14:48.476+02:00 ERROR 1012 --- [apijson] [http-nio-8080-exec-7] o.e.a.Servicio.DeserializarService       : Error al procesar el nodo 'ORCHESTRATOR'. Saltando al siguiente, motivo: Error de validación al importar el  json: Query did not return a unique result: 2 results were returned
2026-04-06T10:27:37.436+02:00  INFO 1012 --- [apijson] [SpringApplicationShutdownHook] o.s.boot.tomcat.GracefulShutdown         : Commencing graceful shutdown. Waiting for active requests to complete
2026-04-06T10:27:37.466+02:00  INFO 1012 --- [apijson] [tomcat-shutdown] o.s.boot.tomcat.GracefulShutdown         : Graceful shutdown complete
2026-04-06T10:27:37.498+02:00  INFO 1012 --- [apijson] [SpringApplicationShutdownHook] j.LocalContainerEntityManagerFactoryBean : Closing JPA EntityManagerFactory for persistence unit 'default'
2026-04-06T10:27:37.533+02:00  INFO 1012 --- [apijson] [SpringApplicationShutdownHook] com.zaxxer.hikari.HikariDataSource       : HikariPool-1 - Shutdown initiated...
2026-04-06T10:27:37.545+02:00  INFO 1012 --- [apijson] [SpringApplicationShutdownHook] com.zaxxer.hikari.HikariDataSource       : HikariPool-1 - Shutdown completed.
2026-04-06T10:28:01.698+02:00  INFO 16128 --- [apijson] [main] org.example.apijson.ApiJsonApplication   : Starting ApiJsonApplication using Java 21.0.10 with PID 16128 (C:\Users\gvega\IdeaProjects\ApiJson\target\classes started by gvega in C:\Users\gvega\IdeaProjects\ApiJson)
2026-04-06T10:28:01.703+02:00  INFO 16128 --- [apijson] [main] org.example.apijson.ApiJsonApplication   : No active profile set, falling back to 1 default profile: "default"
2026-04-06T10:28:02.763+02:00  INFO 16128 --- [apijson] [main] .s.d.r.c.RepositoryConfigurationDelegate : Bootstrapping Spring Data JPA repositories in DEFAULT mode.
2026-04-06T10:28:02.837+02:00  INFO 16128 --- [apijson] [main] .s.d.r.c.RepositoryConfigurationDelegate : Finished Spring Data repository scanning in 63 ms. Found 4 JPA repository interfaces.
2026-04-06T10:28:03.396+02:00  INFO 16128 --- [apijson] [main] o.s.boot.tomcat.TomcatWebServer          : Tomcat initialized with port 8080 (http)
2026-04-06T10:28:03.415+02:00  INFO 16128 --- [apijson] [main] o.apache.catalina.core.StandardService   : Starting service [Tomcat]
2026-04-06T10:28:03.416+02:00  INFO 16128 --- [apijson] [main] o.apache.catalina.core.StandardEngine    : Starting Servlet engine: [Apache Tomcat/11.0.18]
2026-04-06T10:28:03.502+02:00  INFO 16128 --- [apijson] [main] b.w.c.s.WebApplicationContextInitializer : Root WebApplicationContext: initialization completed in 1738 ms
2026-04-06T10:28:03.728+02:00  INFO 16128 --- [apijson] [main] org.hibernate.orm.jpa                    : HHH008540: Processing PersistenceUnitInfo [name: default]
2026-04-06T10:28:03.809+02:00  INFO 16128 --- [apijson] [main] org.hibernate.orm.core                   : HHH000001: Hibernate ORM core version 7.2.7.Final
2026-04-06T10:28:04.423+02:00  INFO 16128 --- [apijson] [main] o.s.o.j.p.SpringPersistenceUnitInfo      : No LoadTimeWeaver setup: ignoring JPA class transformer
2026-04-06T10:28:04.473+02:00  INFO 16128 --- [apijson] [main] com.zaxxer.hikari.HikariDataSource       : HikariPool-1 - Starting...
2026-04-06T10:28:04.960+02:00  INFO 16128 --- [apijson] [main] com.zaxxer.hikari.pool.HikariPool        : HikariPool-1 - Added connection com.mysql.cj.jdbc.ConnectionImpl@70ed902a
2026-04-06T10:28:04.962+02:00  INFO 16128 --- [apijson] [main] com.zaxxer.hikari.HikariDataSource       : HikariPool-1 - Start completed.
2026-04-06T10:28:05.057+02:00  WARN 16128 --- [apijson] [main] org.hibernate.orm.deprecation            : HHH90000025: MySQLDialect does not need to be specified explicitly using 'hibernate.dialect' (remove the property setting and it will be selected by default)
2026-04-06T10:28:05.083+02:00  INFO 16128 --- [apijson] [main] org.hibernate.orm.connections.pooling    : HHH10001005: Database info:
	Database JDBC URL [jdbc:mysql://localhost:3306/apirest]
	Database driver: MySQL Connector/J
	Database dialect: MySQLDialect
	Database version: 8.0.45
	Default catalog/schema: apirest/undefined
	Autocommit mode: undefined/unknown
	Isolation level: REPEATABLE_READ [default REPEATABLE_READ]
	JDBC fetch size: none
	Pool: DataSourceConnectionProvider
	Minimum pool size: undefined/unknown
	Maximum pool size: undefined/unknown
2026-04-06T10:28:06.425+02:00  INFO 16128 --- [apijson] [main] org.hibernate.orm.core                   : HHH000489: No JTA platform available (set 'hibernate.transaction.jta.platform' to enable JTA platform integration)
2026-04-06T10:28:07.164+02:00  INFO 16128 --- [apijson] [main] j.LocalContainerEntityManagerFactoryBean : Initialized JPA EntityManagerFactory for persistence unit 'default'
2026-04-06T10:28:07.275+02:00  INFO 16128 --- [apijson] [main] o.s.d.j.r.query.QueryEnhancerFactories   : Hibernate is in classpath; If applicable, HQL parser will be used.
2026-04-06T10:28:08.386+02:00  INFO 16128 --- [apijson] [main] o.s.boot.tomcat.TomcatWebServer          : Tomcat started on port 8080 (http) with context path '/'
2026-04-06T10:28:08.395+02:00  INFO 16128 --- [apijson] [main] org.example.apijson.ApiJsonApplication   : Started ApiJsonApplication in 7.445 seconds (process running for 8.711)
2026-04-06T10:29:58.159+02:00  INFO 16128 --- [apijson] [http-nio-8080-exec-1] o.a.c.c.C.[Tomcat].[localhost].[/]       : Initializing Spring DispatcherServlet 'dispatcherServlet'
2026-04-06T10:29:58.159+02:00  INFO 16128 --- [apijson] [http-nio-8080-exec-1] o.s.web.servlet.DispatcherServlet        : Initializing Servlet 'dispatcherServlet'
2026-04-06T10:29:58.162+02:00  INFO 16128 --- [apijson] [http-nio-8080-exec-1] o.s.web.servlet.DispatcherServlet        : Completed initialization in 3 ms
2026-04-06T10:29:59.293+02:00  INFO 16128 --- [apijson] [http-nio-8080-exec-4] o.springdoc.api.AbstractOpenApiResource  : Init duration for springdoc-openapi is: 647 ms
2026-04-06T10:31:13.081+02:00 ERROR 16128 --- [apijson] [http-nio-8080-exec-7] o.e.a.Servicio.DeserializarService       : Error al procesar el nodo 'CLIENTID'. Saltando al siguiente, motivo: Query did not return a unique result: 2 results were returned
2026-04-06T10:31:13.082+02:00 ERROR 16128 --- [apijson] [http-nio-8080-exec-7] o.e.a.Servicio.DeserializarService       : Error al procesar el nodo 'ORCHESTRATOR'. Saltando al siguiente, motivo: Error de validación al importar el  json: Query did not return a unique result: 2 results were returned
2026-04-06T10:31:34.339+02:00 ERROR 16128 --- [apijson] [http-nio-8080-exec-8] o.e.a.Servicio.DeserializarService       : Error al procesar el nodo 'CLIENTID'. Saltando al siguiente, motivo: Query did not return a unique result: 2 results were returned
2026-04-06T10:31:34.339+02:00 ERROR 16128 --- [apijson] [http-nio-8080-exec-8] o.e.a.Servicio.DeserializarService       : Error al procesar el nodo 'ORCHESTRATOR'. Saltando al siguiente, motivo: Error de validación al importar el  json: Query did not return a unique result: 2 results were returned
2026-04-06T10:31:54.429+02:00 ERROR 16128 --- [apijson] [http-nio-8080-exec-9] o.e.a.Servicio.DeserializarService       : Error al procesar el nodo 'CLIENTID'. Saltando al siguiente, motivo: Query did not return a unique result: 2 results were returned
2026-04-06T10:31:54.429+02:00 ERROR 16128 --- [apijson] [http-nio-8080-exec-9] o.e.a.Servicio.DeserializarService       : Error al procesar el nodo 'ORCHESTRATOR'. Saltando al siguiente, motivo: Error de validación al importar el  json: Query did not return a unique result: 2 results were returned
2026-04-06T10:55:16.076+02:00  INFO 16128 --- [apijson] [SpringApplicationShutdownHook] o.s.boot.tomcat.GracefulShutdown         : Commencing graceful shutdown. Waiting for active requests to complete
2026-04-06T10:55:16.093+02:00  INFO 16128 --- [apijson] [tomcat-shutdown] o.s.boot.tomcat.GracefulShutdown         : Graceful shutdown complete
2026-04-06T10:55:16.105+02:00  INFO 16128 --- [apijson] [SpringApplicationShutdownHook] j.LocalContainerEntityManagerFactoryBean : Closing JPA EntityManagerFactory for persistence unit 'default'
2026-04-06T10:55:16.113+02:00  INFO 16128 --- [apijson] [SpringApplicationShutdownHook] com.zaxxer.hikari.HikariDataSource       : HikariPool-1 - Shutdown initiated...
2026-04-06T10:55:16.123+02:00  INFO 16128 --- [apijson] [SpringApplicationShutdownHook] com.zaxxer.hikari.HikariDataSource       : HikariPool-1 - Shutdown completed.
2026-04-06T10:55:32.378+02:00  INFO 14340 --- [apijson] [main] org.example.apijson.ApiJsonApplication   : Starting ApiJsonApplication using Java 21.0.10 with PID 14340 (C:\Users\gvega\IdeaProjects\ApiJson\target\classes started by gvega in C:\Users\gvega\IdeaProjects\ApiJson)
2026-04-06T10:55:32.385+02:00  INFO 14340 --- [apijson] [main] org.example.apijson.ApiJsonApplication   : No active profile set, falling back to 1 default profile: "default"
2026-04-06T10:55:33.748+02:00  INFO 14340 --- [apijson] [main] .s.d.r.c.RepositoryConfigurationDelegate : Bootstrapping Spring Data JPA repositories in DEFAULT mode.
2026-04-06T10:55:33.836+02:00  INFO 14340 --- [apijson] [main] .s.d.r.c.RepositoryConfigurationDelegate : Finished Spring Data repository scanning in 77 ms. Found 4 JPA repository interfaces.
2026-04-06T10:55:34.506+02:00  INFO 14340 --- [apijson] [main] o.s.boot.tomcat.TomcatWebServer          : Tomcat initialized with port 8080 (http)
2026-04-06T10:55:34.525+02:00  INFO 14340 --- [apijson] [main] o.apache.catalina.core.StandardService   : Starting service [Tomcat]
2026-04-06T10:55:34.526+02:00  INFO 14340 --- [apijson] [main] o.apache.catalina.core.StandardEngine    : Starting Servlet engine: [Apache Tomcat/11.0.18]
2026-04-06T10:55:34.610+02:00  INFO 14340 --- [apijson] [main] b.w.c.s.WebApplicationContextInitializer : Root WebApplicationContext: initialization completed in 2146 ms
2026-04-06T10:55:34.849+02:00  INFO 14340 --- [apijson] [main] org.hibernate.orm.jpa                    : HHH008540: Processing PersistenceUnitInfo [name: default]
2026-04-06T10:55:34.934+02:00  INFO 14340 --- [apijson] [main] org.hibernate.orm.core                   : HHH000001: Hibernate ORM core version 7.2.7.Final
2026-04-06T10:55:35.564+02:00  INFO 14340 --- [apijson] [main] o.s.o.j.p.SpringPersistenceUnitInfo      : No LoadTimeWeaver setup: ignoring JPA class transformer
2026-04-06T10:55:35.616+02:00  INFO 14340 --- [apijson] [main] com.zaxxer.hikari.HikariDataSource       : HikariPool-1 - Starting...
2026-04-06T10:55:36.098+02:00  INFO 14340 --- [apijson] [main] com.zaxxer.hikari.pool.HikariPool        : HikariPool-1 - Added connection com.mysql.cj.jdbc.ConnectionImpl@36cf16a6
2026-04-06T10:55:36.101+02:00  INFO 14340 --- [apijson] [main] com.zaxxer.hikari.HikariDataSource       : HikariPool-1 - Start completed.
2026-04-06T10:55:36.196+02:00  WARN 14340 --- [apijson] [main] org.hibernate.orm.deprecation            : HHH90000025: MySQLDialect does not need to be specified explicitly using 'hibernate.dialect' (remove the property setting and it will be selected by default)
2026-04-06T10:55:36.223+02:00  INFO 14340 --- [apijson] [main] org.hibernate.orm.connections.pooling    : HHH10001005: Database info:
	Database JDBC URL [jdbc:mysql://localhost:3306/apirest]
	Database driver: MySQL Connector/J
	Database dialect: MySQLDialect
	Database version: 8.0.45
	Default catalog/schema: apirest/undefined
	Autocommit mode: undefined/unknown
	Isolation level: REPEATABLE_READ [default REPEATABLE_READ]
	JDBC fetch size: none
	Pool: DataSourceConnectionProvider
	Minimum pool size: undefined/unknown
	Maximum pool size: undefined/unknown
2026-04-06T10:55:37.574+02:00  INFO 14340 --- [apijson] [main] org.hibernate.orm.core                   : HHH000489: No JTA platform available (set 'hibernate.transaction.jta.platform' to enable JTA platform integration)
2026-04-06T10:55:38.097+02:00  WARN 14340 --- [apijson] [main] o.h.t.s.i.ExceptionHandlerLoggedImpl     : GenerationTarget encountered exception accepting command : Error executing DDL "
    alter table config 
       modify column application_node varchar(255)" via JDBC [Cannot change column 'APPLICATION_NODE': used in a foreign key constraint 'FKen78ayfrm6vs2v60bk8h8esm8']

org.hibernate.tool.schema.spi.CommandAcceptanceException: Error executing DDL "
    alter table config 
       modify column application_node varchar(255)" via JDBC [Cannot change column 'APPLICATION_NODE': used in a foreign key constraint 'FKen78ayfrm6vs2v60bk8h8esm8']
	at org.hibernate.tool.schema.internal.exec.GenerationTargetToDatabase.accept(GenerationTargetToDatabase.java:81) ~[hibernate-core-7.2.7.Final.jar:7.2.7.Final]
	at org.hibernate.tool.schema.internal.AbstractSchemaMigrator.applySqlString(AbstractSchemaMigrator.java:566) ~[hibernate-core-7.2.7.Final.jar:7.2.7.Final]
	at org.hibernate.tool.schema.internal.AbstractSchemaMigrator.applySqlStrings(AbstractSchemaMigrator.java:506) ~[hibernate-core-7.2.7.Final.jar:7.2.7.Final]
	at org.hibernate.tool.schema.internal.AbstractSchemaMigrator.migrateTable(AbstractSchemaMigrator.java:324) ~[hibernate-core-7.2.7.Final.jar:7.2.7.Final]
	at org.hibernate.tool.schema.internal.GroupedSchemaMigratorImpl.performTablesMigration(GroupedSchemaMigratorImpl.java:84) ~[hibernate-core-7.2.7.Final.jar:7.2.7.Final]
	at org.hibernate.tool.schema.internal.AbstractSchemaMigrator.performMigration(AbstractSchemaMigrator.java:220) ~[hibernate-core-7.2.7.Final.jar:7.2.7.Final]
	at org.hibernate.tool.schema.internal.AbstractSchemaMigrator.doMigration(AbstractSchemaMigrator.java:96) ~[hibernate-core-7.2.7.Final.jar:7.2.7.Final]
	at org.hibernate.tool.schema.spi.SchemaManagementToolCoordinator.performDatabaseAction(SchemaManagementToolCoordinator.java:269) ~[hibernate-core-7.2.7.Final.jar:7.2.7.Final]
	at org.hibernate.tool.schema.spi.SchemaManagementToolCoordinator.lambda$process$1(SchemaManagementToolCoordinator.java:101) ~[hibernate-core-7.2.7.Final.jar:7.2.7.Final]
	at java.base/java.util.HashMap.forEach(HashMap.java:1429) ~[na:na]
	at org.hibernate.tool.schema.spi.SchemaManagementToolCoordinator.process(SchemaManagementToolCoordinator.java:100) ~[hibernate-core-7.2.7.Final.jar:7.2.7.Final]
	at org.hibernate.boot.internal.SessionFactoryObserverForSchemaExport.sessionFactoryCreated(SessionFactoryObserverForSchemaExport.java:35) ~[hibernate-core-7.2.7.Final.jar:7.2.7.Final]
	at org.hibernate.internal.SessionFactoryObserverChain.sessionFactoryCreated(SessionFactoryObserverChain.java:33) ~[hibernate-core-7.2.7.Final.jar:7.2.7.Final]
	at org.hibernate.internal.SessionFactoryImpl.<init>(SessionFactoryImpl.java:323) ~[hibernate-core-7.2.7.Final.jar:7.2.7.Final]
	at org.hibernate.internal.SessionFactoryRegistry.instantiateSessionFactory(SessionFactoryRegistry.java:64) ~[hibernate-core-7.2.7.Final.jar:7.2.7.Final]
	at org.hibernate.boot.internal.SessionFactoryBuilderImpl.build(SessionFactoryBuilderImpl.java:437) ~[hibernate-core-7.2.7.Final.jar:7.2.7.Final]
	at org.hibernate.jpa.boot.internal.EntityManagerFactoryBuilderImpl.build(EntityManagerFactoryBuilderImpl.java:1456) ~[hibernate-core-7.2.7.Final.jar:7.2.7.Final]
	at org.springframework.orm.jpa.vendor.SpringHibernateJpaPersistenceProvider.createContainerEntityManagerFactory(SpringHibernateJpaPersistenceProvider.java:93) ~[spring-orm-7.0.6.jar:7.0.6]
	at org.springframework.orm.jpa.LocalContainerEntityManagerFactoryBean.createNativeEntityManagerFactory(LocalContainerEntityManagerFactoryBean.java:443) ~[spring-orm-7.0.6.jar:7.0.6]
	at org.springframework.orm.jpa.AbstractEntityManagerFactoryBean.buildNativeEntityManagerFactory(AbstractEntityManagerFactoryBean.java:436) ~[spring-orm-7.0.6.jar:7.0.6]
	at org.springframework.orm.jpa.AbstractEntityManagerFactoryBean.afterPropertiesSet(AbstractEntityManagerFactoryBean.java:411) ~[spring-orm-7.0.6.jar:7.0.6]
	at org.springframework.orm.jpa.LocalContainerEntityManagerFactoryBean.afterPropertiesSet(LocalContainerEntityManagerFactoryBean.java:419) ~[spring-orm-7.0.6.jar:7.0.6]
	at org.springframework.beans.factory.support.AbstractAutowireCapableBeanFactory.invokeInitMethods(AbstractAutowireCapableBeanFactory.java:1864) ~[spring-beans-7.0.6.jar:7.0.6]
	at org.springframework.beans.factory.support.AbstractAutowireCapableBeanFactory.initializeBean(AbstractAutowireCapableBeanFactory.java:1813) ~[spring-beans-7.0.6.jar:7.0.6]
	at org.springframework.beans.factory.support.AbstractAutowireCapableBeanFactory.doCreateBean(AbstractAutowireCapableBeanFactory.java:603) ~[spring-beans-7.0.6.jar:7.0.6]
	at org.springframework.beans.factory.support.AbstractAutowireCapableBeanFactory.createBean(AbstractAutowireCapableBeanFactory.java:525) ~[spring-beans-7.0.6.jar:7.0.6]
	at org.springframework.beans.factory.support.AbstractBeanFactory.lambda$doGetBean$0(AbstractBeanFactory.java:333) ~[spring-beans-7.0.6.jar:7.0.6]
	at org.springframework.beans.factory.support.DefaultSingletonBeanRegistry.getSingleton(DefaultSingletonBeanRegistry.java:371) ~[spring-beans-7.0.6.jar:7.0.6]
	at org.springframework.beans.factory.support.AbstractBeanFactory.doGetBean(AbstractBeanFactory.java:331) ~[spring-beans-7.0.6.jar:7.0.6]
	at org.springframework.beans.factory.support.AbstractBeanFactory.getBean(AbstractBeanFactory.java:201) ~[spring-beans-7.0.6.jar:7.0.6]
	at org.springframework.context.support.AbstractApplicationContext.finishBeanFactoryInitialization(AbstractApplicationContext.java:977) ~[spring-context-7.0.6.jar:7.0.6]
	at org.springframework.context.support.AbstractApplicationContext.refresh(AbstractApplicationContext.java:621) ~[spring-context-7.0.6.jar:7.0.6]
	at org.springframework.boot.web.server.servlet.context.ServletWebServerApplicationContext.refresh(ServletWebServerApplicationContext.java:143) ~[spring-boot-web-server-4.0.4.jar:4.0.4]
	at org.springframework.boot.SpringApplication.refresh(SpringApplication.java:756) ~[spring-boot-4.0.4.jar:4.0.4]
	at org.springframework.boot.SpringApplication.refreshContext(SpringApplication.java:445) ~[spring-boot-4.0.4.jar:4.0.4]
	at org.springframework.boot.SpringApplication.run(SpringApplication.java:321) ~[spring-boot-4.0.4.jar:4.0.4]
	at org.springframework.boot.SpringApplication.run(SpringApplication.java:1365) ~[spring-boot-4.0.4.jar:4.0.4]
	at org.springframework.boot.SpringApplication.run(SpringApplication.java:1354) ~[spring-boot-4.0.4.jar:4.0.4]
	at org.example.apijson.ApiJsonApplication.main(ApiJsonApplication.java:10) ~[classes/:na]
Caused by: java.sql.SQLException: Cannot change column 'APPLICATION_NODE': used in a foreign key constraint 'FKen78ayfrm6vs2v60bk8h8esm8'
	at com.mysql.cj.jdbc.exceptions.SQLError.createSQLException(SQLError.java:121) ~[mysql-connector-j-9.6.0.jar:9.6.0]
	at com.mysql.cj.jdbc.exceptions.SQLExceptionsMapping.translateException(SQLExceptionsMapping.java:114) ~[mysql-connector-j-9.6.0.jar:9.6.0]
	at com.mysql.cj.jdbc.StatementImpl.executeInternal(StatementImpl.java:839) ~[mysql-connector-j-9.6.0.jar:9.6.0]
	at com.mysql.cj.jdbc.StatementImpl.execute(StatementImpl.java:687) ~[mysql-connector-j-9.6.0.jar:9.6.0]
	at com.zaxxer.hikari.pool.ProxyStatement.execute(ProxyStatement.java:95) ~[HikariCP-7.0.2.jar:na]
	at com.zaxxer.hikari.pool.HikariProxyStatement.execute(HikariProxyStatement.java) ~[HikariCP-7.0.2.jar:na]
	at org.hibernate.tool.schema.internal.exec.GenerationTargetToDatabase.accept(GenerationTargetToDatabase.java:76) ~[hibernate-core-7.2.7.Final.jar:7.2.7.Final]
	... 38 common frames omitted

2026-04-06T10:55:38.210+02:00  WARN 14340 --- [apijson] [main] o.h.t.s.i.ExceptionHandlerLoggedImpl     : GenerationTarget encountered exception accepting command : Error executing DDL "
    alter table config 
       modify column version_lock bigint" via JDBC [Cannot add or update a child row: a foreign key constraint fails (`apirest`.`#sql-16bc_58`, CONSTRAINT `FKen78ayfrm6vs2v60bk8h8esm8` FOREIGN KEY (`APPLICATION_NODE`) REFERENCES `application` (`ID`))]

org.hibernate.tool.schema.spi.CommandAcceptanceException: Error executing DDL "
    alter table config 
       modify column version_lock bigint" via JDBC [Cannot add or update a child row: a foreign key constraint fails (`apirest`.`#sql-16bc_58`, CONSTRAINT `FKen78ayfrm6vs2v60bk8h8esm8` FOREIGN KEY (`APPLICATION_NODE`) REFERENCES `application` (`ID`))]
	at org.hibernate.tool.schema.internal.exec.GenerationTargetToDatabase.accept(GenerationTargetToDatabase.java:81) ~[hibernate-core-7.2.7.Final.jar:7.2.7.Final]
	at org.hibernate.tool.schema.internal.AbstractSchemaMigrator.applySqlString(AbstractSchemaMigrator.java:566) ~[hibernate-core-7.2.7.Final.jar:7.2.7.Final]
	at org.hibernate.tool.schema.internal.AbstractSchemaMigrator.applySqlStrings(AbstractSchemaMigrator.java:506) ~[hibernate-core-7.2.7.Final.jar:7.2.7.Final]
	at org.hibernate.tool.schema.internal.AbstractSchemaMigrator.migrateTable(AbstractSchemaMigrator.java:324) ~[hibernate-core-7.2.7.Final.jar:7.2.7.Final]
	at org.hibernate.tool.schema.internal.GroupedSchemaMigratorImpl.performTablesMigration(GroupedSchemaMigratorImpl.java:84) ~[hibernate-core-7.2.7.Final.jar:7.2.7.Final]
	at org.hibernate.tool.schema.internal.AbstractSchemaMigrator.performMigration(AbstractSchemaMigrator.java:220) ~[hibernate-core-7.2.7.Final.jar:7.2.7.Final]
	at org.hibernate.tool.schema.internal.AbstractSchemaMigrator.doMigration(AbstractSchemaMigrator.java:96) ~[hibernate-core-7.2.7.Final.jar:7.2.7.Final]
	at org.hibernate.tool.schema.spi.SchemaManagementToolCoordinator.performDatabaseAction(SchemaManagementToolCoordinator.java:269) ~[hibernate-core-7.2.7.Final.jar:7.2.7.Final]
	at org.hibernate.tool.schema.spi.SchemaManagementToolCoordinator.lambda$process$1(SchemaManagementToolCoordinator.java:101) ~[hibernate-core-7.2.7.Final.jar:7.2.7.Final]
	at java.base/java.util.HashMap.forEach(HashMap.java:1429) ~[na:na]
	at org.hibernate.tool.schema.spi.SchemaManagementToolCoordinator.process(SchemaManagementToolCoordinator.java:100) ~[hibernate-core-7.2.7.Final.jar:7.2.7.Final]
	at org.hibernate.boot.internal.SessionFactoryObserverForSchemaExport.sessionFactoryCreated(SessionFactoryObserverForSchemaExport.java:35) ~[hibernate-core-7.2.7.Final.jar:7.2.7.Final]
	at org.hibernate.internal.SessionFactoryObserverChain.sessionFactoryCreated(SessionFactoryObserverChain.java:33) ~[hibernate-core-7.2.7.Final.jar:7.2.7.Final]
	at org.hibernate.internal.SessionFactoryImpl.<init>(SessionFactoryImpl.java:323) ~[hibernate-core-7.2.7.Final.jar:7.2.7.Final]
	at org.hibernate.internal.SessionFactoryRegistry.instantiateSessionFactory(SessionFactoryRegistry.java:64) ~[hibernate-core-7.2.7.Final.jar:7.2.7.Final]
	at org.hibernate.boot.internal.SessionFactoryBuilderImpl.build(SessionFactoryBuilderImpl.java:437) ~[hibernate-core-7.2.7.Final.jar:7.2.7.Final]
	at org.hibernate.jpa.boot.internal.EntityManagerFactoryBuilderImpl.build(EntityManagerFactoryBuilderImpl.java:1456) ~[hibernate-core-7.2.7.Final.jar:7.2.7.Final]
	at org.springframework.orm.jpa.vendor.SpringHibernateJpaPersistenceProvider.createContainerEntityManagerFactory(SpringHibernateJpaPersistenceProvider.java:93) ~[spring-orm-7.0.6.jar:7.0.6]
	at org.springframework.orm.jpa.LocalContainerEntityManagerFactoryBean.createNativeEntityManagerFactory(LocalContainerEntityManagerFactoryBean.java:443) ~[spring-orm-7.0.6.jar:7.0.6]
	at org.springframework.orm.jpa.AbstractEntityManagerFactoryBean.buildNativeEntityManagerFactory(AbstractEntityManagerFactoryBean.java:436) ~[spring-orm-7.0.6.jar:7.0.6]
	at org.springframework.orm.jpa.AbstractEntityManagerFactoryBean.afterPropertiesSet(AbstractEntityManagerFactoryBean.java:411) ~[spring-orm-7.0.6.jar:7.0.6]
	at org.springframework.orm.jpa.LocalContainerEntityManagerFactoryBean.afterPropertiesSet(LocalContainerEntityManagerFactoryBean.java:419) ~[spring-orm-7.0.6.jar:7.0.6]
	at org.springframework.beans.factory.support.AbstractAutowireCapableBeanFactory.invokeInitMethods(AbstractAutowireCapableBeanFactory.java:1864) ~[spring-beans-7.0.6.jar:7.0.6]
	at org.springframework.beans.factory.support.AbstractAutowireCapableBeanFactory.initializeBean(AbstractAutowireCapableBeanFactory.java:1813) ~[spring-beans-7.0.6.jar:7.0.6]
	at org.springframework.beans.factory.support.AbstractAutowireCapableBeanFactory.doCreateBean(AbstractAutowireCapableBeanFactory.java:603) ~[spring-beans-7.0.6.jar:7.0.6]
	at org.springframework.beans.factory.support.AbstractAutowireCapableBeanFactory.createBean(AbstractAutowireCapableBeanFactory.java:525) ~[spring-beans-7.0.6.jar:7.0.6]
	at org.springframework.beans.factory.support.AbstractBeanFactory.lambda$doGetBean$0(AbstractBeanFactory.java:333) ~[spring-beans-7.0.6.jar:7.0.6]
	at org.springframework.beans.factory.support.DefaultSingletonBeanRegistry.getSingleton(DefaultSingletonBeanRegistry.java:371) ~[spring-beans-7.0.6.jar:7.0.6]
	at org.springframework.beans.factory.support.AbstractBeanFactory.doGetBean(AbstractBeanFactory.java:331) ~[spring-beans-7.0.6.jar:7.0.6]
	at org.springframework.beans.factory.support.AbstractBeanFactory.getBean(AbstractBeanFactory.java:201) ~[spring-beans-7.0.6.jar:7.0.6]
	at org.springframework.context.support.AbstractApplicationContext.finishBeanFactoryInitialization(AbstractApplicationContext.java:977) ~[spring-context-7.0.6.jar:7.0.6]
	at org.springframework.context.support.AbstractApplicationContext.refresh(AbstractApplicationContext.java:621) ~[spring-context-7.0.6.jar:7.0.6]
	at org.springframework.boot.web.server.servlet.context.ServletWebServerApplicationContext.refresh(ServletWebServerApplicationContext.java:143) ~[spring-boot-web-server-4.0.4.jar:4.0.4]
	at org.springframework.boot.SpringApplication.refresh(SpringApplication.java:756) ~[spring-boot-4.0.4.jar:4.0.4]
	at org.springframework.boot.SpringApplication.refreshContext(SpringApplication.java:445) ~[spring-boot-4.0.4.jar:4.0.4]
	at org.springframework.boot.SpringApplication.run(SpringApplication.java:321) ~[spring-boot-4.0.4.jar:4.0.4]
	at org.springframework.boot.SpringApplication.run(SpringApplication.java:1365) ~[spring-boot-4.0.4.jar:4.0.4]
	at org.springframework.boot.SpringApplication.run(SpringApplication.java:1354) ~[spring-boot-4.0.4.jar:4.0.4]
	at org.example.apijson.ApiJsonApplication.main(ApiJsonApplication.java:10) ~[classes/:na]
Caused by: java.sql.SQLIntegrityConstraintViolationException: Cannot add or update a child row: a foreign key constraint fails (`apirest`.`#sql-16bc_58`, CONSTRAINT `FKen78ayfrm6vs2v60bk8h8esm8` FOREIGN KEY (`APPLICATION_NODE`) REFERENCES `application` (`ID`))
	at com.mysql.cj.jdbc.exceptions.SQLError.createSQLException(SQLError.java:109) ~[mysql-connector-j-9.6.0.jar:9.6.0]
	at com.mysql.cj.jdbc.exceptions.SQLExceptionsMapping.translateException(SQLExceptionsMapping.java:114) ~[mysql-connector-j-9.6.0.jar:9.6.0]
	at com.mysql.cj.jdbc.StatementImpl.executeInternal(StatementImpl.java:839) ~[mysql-connector-j-9.6.0.jar:9.6.0]
	at com.mysql.cj.jdbc.StatementImpl.execute(StatementImpl.java:687) ~[mysql-connector-j-9.6.0.jar:9.6.0]
	at com.zaxxer.hikari.pool.ProxyStatement.execute(ProxyStatement.java:95) ~[HikariCP-7.0.2.jar:na]
	at com.zaxxer.hikari.pool.HikariProxyStatement.execute(HikariProxyStatement.java) ~[HikariCP-7.0.2.jar:na]
	at org.hibernate.tool.schema.internal.exec.GenerationTargetToDatabase.accept(GenerationTargetToDatabase.java:76) ~[hibernate-core-7.2.7.Final.jar:7.2.7.Final]
	... 38 common frames omitted

2026-04-06T10:55:38.245+02:00  INFO 14340 --- [apijson] [main] j.LocalContainerEntityManagerFactoryBean : Initialized JPA EntityManagerFactory for persistence unit 'default'
2026-04-06T10:55:38.382+02:00  INFO 14340 --- [apijson] [main] o.s.d.j.r.query.QueryEnhancerFactories   : Hibernate is in classpath; If applicable, HQL parser will be used.
2026-04-06T10:55:39.591+02:00  INFO 14340 --- [apijson] [main] o.s.boot.tomcat.TomcatWebServer          : Tomcat started on port 8080 (http) with context path '/'
2026-04-06T10:55:39.598+02:00  INFO 14340 --- [apijson] [main] org.example.apijson.ApiJsonApplication   : Started ApiJsonApplication in 8.287 seconds (process running for 9.852)
2026-04-06T10:57:01.413+02:00  INFO 14340 --- [apijson] [http-nio-8080-exec-1] o.a.c.c.C.[Tomcat].[localhost].[/]       : Initializing Spring DispatcherServlet 'dispatcherServlet'
2026-04-06T10:57:01.413+02:00  INFO 14340 --- [apijson] [http-nio-8080-exec-1] o.s.web.servlet.DispatcherServlet        : Initializing Servlet 'dispatcherServlet'
2026-04-06T10:57:01.415+02:00  INFO 14340 --- [apijson] [http-nio-8080-exec-1] o.s.web.servlet.DispatcherServlet        : Completed initialization in 2 ms
2026-04-06T10:57:02.368+02:00  INFO 14340 --- [apijson] [http-nio-8080-exec-5] o.springdoc.api.AbstractOpenApiResource  : Init duration for springdoc-openapi is: 594 ms
2026-04-06T10:57:58.443+02:00  INFO 14340 --- [apijson] [SpringApplicationShutdownHook] o.s.boot.tomcat.GracefulShutdown         : Commencing graceful shutdown. Waiting for active requests to complete
2026-04-06T10:57:58.459+02:00  INFO 14340 --- [apijson] [tomcat-shutdown] o.s.boot.tomcat.GracefulShutdown         : Graceful shutdown complete
2026-04-06T10:57:58.467+02:00  INFO 14340 --- [apijson] [SpringApplicationShutdownHook] j.LocalContainerEntityManagerFactoryBean : Closing JPA EntityManagerFactory for persistence unit 'default'
2026-04-06T10:57:58.471+02:00  INFO 14340 --- [apijson] [SpringApplicationShutdownHook] com.zaxxer.hikari.HikariDataSource       : HikariPool-1 - Shutdown initiated...
2026-04-06T10:57:58.481+02:00  INFO 14340 --- [apijson] [SpringApplicationShutdownHook] com.zaxxer.hikari.HikariDataSource       : HikariPool-1 - Shutdown completed.
2026-04-06T10:58:02.817+02:00  INFO 15484 --- [apijson] [main] org.example.apijson.ApiJsonApplication   : Starting ApiJsonApplication using Java 21.0.10 with PID 15484 (C:\Users\gvega\IdeaProjects\ApiJson\target\classes started by gvega in C:\Users\gvega\IdeaProjects\ApiJson)
2026-04-06T10:58:02.823+02:00  INFO 15484 --- [apijson] [main] org.example.apijson.ApiJsonApplication   : No active profile set, falling back to 1 default profile: "default"
2026-04-06T10:58:04.086+02:00  INFO 15484 --- [apijson] [main] .s.d.r.c.RepositoryConfigurationDelegate : Bootstrapping Spring Data JPA repositories in DEFAULT mode.
2026-04-06T10:58:04.172+02:00  INFO 15484 --- [apijson] [main] .s.d.r.c.RepositoryConfigurationDelegate : Finished Spring Data repository scanning in 75 ms. Found 4 JPA repository interfaces.
2026-04-06T10:58:04.820+02:00  INFO 15484 --- [apijson] [main] o.s.boot.tomcat.TomcatWebServer          : Tomcat initialized with port 8080 (http)
2026-04-06T10:58:04.844+02:00  INFO 15484 --- [apijson] [main] o.apache.catalina.core.StandardService   : Starting service [Tomcat]
2026-04-06T10:58:04.845+02:00  INFO 15484 --- [apijson] [main] o.apache.catalina.core.StandardEngine    : Starting Servlet engine: [Apache Tomcat/11.0.18]
2026-04-06T10:58:04.924+02:00  INFO 15484 --- [apijson] [main] b.w.c.s.WebApplicationContextInitializer : Root WebApplicationContext: initialization completed in 2021 ms
2026-04-06T10:58:05.587+02:00  INFO 15484 --- [apijson] [main] org.hibernate.orm.jpa                    : HHH008540: Processing PersistenceUnitInfo [name: default]
2026-04-06T10:58:05.743+02:00  INFO 15484 --- [apijson] [main] org.hibernate.orm.core                   : HHH000001: Hibernate ORM core version 7.2.7.Final
2026-04-06T10:58:06.442+02:00  INFO 15484 --- [apijson] [main] o.s.o.j.p.SpringPersistenceUnitInfo      : No LoadTimeWeaver setup: ignoring JPA class transformer
2026-04-06T10:58:06.499+02:00  INFO 15484 --- [apijson] [main] com.zaxxer.hikari.HikariDataSource       : HikariPool-1 - Starting...
2026-04-06T10:58:07.034+02:00  INFO 15484 --- [apijson] [main] com.zaxxer.hikari.pool.HikariPool        : HikariPool-1 - Added connection com.mysql.cj.jdbc.ConnectionImpl@fefb66c
2026-04-06T10:58:07.055+02:00  INFO 15484 --- [apijson] [main] com.zaxxer.hikari.HikariDataSource       : HikariPool-1 - Start completed.
2026-04-06T10:58:07.144+02:00  WARN 15484 --- [apijson] [main] org.hibernate.orm.deprecation            : HHH90000025: MySQLDialect does not need to be specified explicitly using 'hibernate.dialect' (remove the property setting and it will be selected by default)
2026-04-06T10:58:07.184+02:00  INFO 15484 --- [apijson] [main] org.hibernate.orm.connections.pooling    : HHH10001005: Database info:
	Database JDBC URL [jdbc:mysql://localhost:3306/apirest]
	Database driver: MySQL Connector/J
	Database dialect: MySQLDialect
	Database version: 8.0.45
	Default catalog/schema: apirest/undefined
	Autocommit mode: undefined/unknown
	Isolation level: REPEATABLE_READ [default REPEATABLE_READ]
	JDBC fetch size: none
	Pool: DataSourceConnectionProvider
	Minimum pool size: undefined/unknown
	Maximum pool size: undefined/unknown
2026-04-06T10:58:08.735+02:00  INFO 15484 --- [apijson] [main] org.hibernate.orm.core                   : HHH000489: No JTA platform available (set 'hibernate.transaction.jta.platform' to enable JTA platform integration)
2026-04-06T10:58:09.307+02:00  WARN 15484 --- [apijson] [main] o.h.t.s.i.ExceptionHandlerLoggedImpl     : GenerationTarget encountered exception accepting command : Error executing DDL "
    alter table config 
       modify column application_node varchar(255)" via JDBC [Unknown database 'apirest']

org.hibernate.tool.schema.spi.CommandAcceptanceException: Error executing DDL "
    alter table config 
       modify column application_node varchar(255)" via JDBC [Unknown database 'apirest']
	at org.hibernate.tool.schema.internal.exec.GenerationTargetToDatabase.accept(GenerationTargetToDatabase.java:81) ~[hibernate-core-7.2.7.Final.jar:7.2.7.Final]
	at org.hibernate.tool.schema.internal.AbstractSchemaMigrator.applySqlString(AbstractSchemaMigrator.java:566) ~[hibernate-core-7.2.7.Final.jar:7.2.7.Final]
	at org.hibernate.tool.schema.internal.AbstractSchemaMigrator.applySqlStrings(AbstractSchemaMigrator.java:506) ~[hibernate-core-7.2.7.Final.jar:7.2.7.Final]
	at org.hibernate.tool.schema.internal.AbstractSchemaMigrator.migrateTable(AbstractSchemaMigrator.java:324) ~[hibernate-core-7.2.7.Final.jar:7.2.7.Final]
	at org.hibernate.tool.schema.internal.GroupedSchemaMigratorImpl.performTablesMigration(GroupedSchemaMigratorImpl.java:84) ~[hibernate-core-7.2.7.Final.jar:7.2.7.Final]
	at org.hibernate.tool.schema.internal.AbstractSchemaMigrator.performMigration(AbstractSchemaMigrator.java:220) ~[hibernate-core-7.2.7.Final.jar:7.2.7.Final]
	at org.hibernate.tool.schema.internal.AbstractSchemaMigrator.doMigration(AbstractSchemaMigrator.java:96) ~[hibernate-core-7.2.7.Final.jar:7.2.7.Final]
	at org.hibernate.tool.schema.spi.SchemaManagementToolCoordinator.performDatabaseAction(SchemaManagementToolCoordinator.java:269) ~[hibernate-core-7.2.7.Final.jar:7.2.7.Final]
	at org.hibernate.tool.schema.spi.SchemaManagementToolCoordinator.lambda$process$1(SchemaManagementToolCoordinator.java:101) ~[hibernate-core-7.2.7.Final.jar:7.2.7.Final]
	at java.base/java.util.HashMap.forEach(HashMap.java:1429) ~[na:na]
	at org.hibernate.tool.schema.spi.SchemaManagementToolCoordinator.process(SchemaManagementToolCoordinator.java:100) ~[hibernate-core-7.2.7.Final.jar:7.2.7.Final]
	at org.hibernate.boot.internal.SessionFactoryObserverForSchemaExport.sessionFactoryCreated(SessionFactoryObserverForSchemaExport.java:35) ~[hibernate-core-7.2.7.Final.jar:7.2.7.Final]
	at org.hibernate.internal.SessionFactoryObserverChain.sessionFactoryCreated(SessionFactoryObserverChain.java:33) ~[hibernate-core-7.2.7.Final.jar:7.2.7.Final]
	at org.hibernate.internal.SessionFactoryImpl.<init>(SessionFactoryImpl.java:323) ~[hibernate-core-7.2.7.Final.jar:7.2.7.Final]
	at org.hibernate.internal.SessionFactoryRegistry.instantiateSessionFactory(SessionFactoryRegistry.java:64) ~[hibernate-core-7.2.7.Final.jar:7.2.7.Final]
	at org.hibernate.boot.internal.SessionFactoryBuilderImpl.build(SessionFactoryBuilderImpl.java:437) ~[hibernate-core-7.2.7.Final.jar:7.2.7.Final]
	at org.hibernate.jpa.boot.internal.EntityManagerFactoryBuilderImpl.build(EntityManagerFactoryBuilderImpl.java:1456) ~[hibernate-core-7.2.7.Final.jar:7.2.7.Final]
	at org.springframework.orm.jpa.vendor.SpringHibernateJpaPersistenceProvider.createContainerEntityManagerFactory(SpringHibernateJpaPersistenceProvider.java:93) ~[spring-orm-7.0.6.jar:7.0.6]
	at org.springframework.orm.jpa.LocalContainerEntityManagerFactoryBean.createNativeEntityManagerFactory(LocalContainerEntityManagerFactoryBean.java:443) ~[spring-orm-7.0.6.jar:7.0.6]
	at org.springframework.orm.jpa.AbstractEntityManagerFactoryBean.buildNativeEntityManagerFactory(AbstractEntityManagerFactoryBean.java:436) ~[spring-orm-7.0.6.jar:7.0.6]
	at org.springframework.orm.jpa.AbstractEntityManagerFactoryBean.afterPropertiesSet(AbstractEntityManagerFactoryBean.java:411) ~[spring-orm-7.0.6.jar:7.0.6]
	at org.springframework.orm.jpa.LocalContainerEntityManagerFactoryBean.afterPropertiesSet(LocalContainerEntityManagerFactoryBean.java:419) ~[spring-orm-7.0.6.jar:7.0.6]
	at org.springframework.beans.factory.support.AbstractAutowireCapableBeanFactory.invokeInitMethods(AbstractAutowireCapableBeanFactory.java:1864) ~[spring-beans-7.0.6.jar:7.0.6]
	at org.springframework.beans.factory.support.AbstractAutowireCapableBeanFactory.initializeBean(AbstractAutowireCapableBeanFactory.java:1813) ~[spring-beans-7.0.6.jar:7.0.6]
	at org.springframework.beans.factory.support.AbstractAutowireCapableBeanFactory.doCreateBean(AbstractAutowireCapableBeanFactory.java:603) ~[spring-beans-7.0.6.jar:7.0.6]
	at org.springframework.beans.factory.support.AbstractAutowireCapableBeanFactory.createBean(AbstractAutowireCapableBeanFactory.java:525) ~[spring-beans-7.0.6.jar:7.0.6]
	at org.springframework.beans.factory.support.AbstractBeanFactory.lambda$doGetBean$0(AbstractBeanFactory.java:333) ~[spring-beans-7.0.6.jar:7.0.6]
	at org.springframework.beans.factory.support.DefaultSingletonBeanRegistry.getSingleton(DefaultSingletonBeanRegistry.java:371) ~[spring-beans-7.0.6.jar:7.0.6]
	at org.springframework.beans.factory.support.AbstractBeanFactory.doGetBean(AbstractBeanFactory.java:331) ~[spring-beans-7.0.6.jar:7.0.6]
	at org.springframework.beans.factory.support.AbstractBeanFactory.getBean(AbstractBeanFactory.java:201) ~[spring-beans-7.0.6.jar:7.0.6]
	at org.springframework.context.support.AbstractApplicationContext.finishBeanFactoryInitialization(AbstractApplicationContext.java:977) ~[spring-context-7.0.6.jar:7.0.6]
	at org.springframework.context.support.AbstractApplicationContext.refresh(AbstractApplicationContext.java:621) ~[spring-context-7.0.6.jar:7.0.6]
	at org.springframework.boot.web.server.servlet.context.ServletWebServerApplicationContext.refresh(ServletWebServerApplicationContext.java:143) ~[spring-boot-web-server-4.0.4.jar:4.0.4]
	at org.springframework.boot.SpringApplication.refresh(SpringApplication.java:756) ~[spring-boot-4.0.4.jar:4.0.4]
	at org.springframework.boot.SpringApplication.refreshContext(SpringApplication.java:445) ~[spring-boot-4.0.4.jar:4.0.4]
	at org.springframework.boot.SpringApplication.run(SpringApplication.java:321) ~[spring-boot-4.0.4.jar:4.0.4]
	at org.springframework.boot.SpringApplication.run(SpringApplication.java:1365) ~[spring-boot-4.0.4.jar:4.0.4]
	at org.springframework.boot.SpringApplication.run(SpringApplication.java:1354) ~[spring-boot-4.0.4.jar:4.0.4]
	at org.example.apijson.ApiJsonApplication.main(ApiJsonApplication.java:10) ~[classes/:na]
Caused by: java.sql.SQLSyntaxErrorException: Unknown database 'apirest'
	at com.mysql.cj.jdbc.exceptions.SQLError.createSQLException(SQLError.java:112) ~[mysql-connector-j-9.6.0.jar:9.6.0]
	at com.mysql.cj.jdbc.exceptions.SQLExceptionsMapping.translateException(SQLExceptionsMapping.java:114) ~[mysql-connector-j-9.6.0.jar:9.6.0]
	at com.mysql.cj.jdbc.StatementImpl.executeInternal(StatementImpl.java:839) ~[mysql-connector-j-9.6.0.jar:9.6.0]
	at com.mysql.cj.jdbc.StatementImpl.execute(StatementImpl.java:687) ~[mysql-connector-j-9.6.0.jar:9.6.0]
	at com.zaxxer.hikari.pool.ProxyStatement.execute(ProxyStatement.java:95) ~[HikariCP-7.0.2.jar:na]
	at com.zaxxer.hikari.pool.HikariProxyStatement.execute(HikariProxyStatement.java) ~[HikariCP-7.0.2.jar:na]
	at org.hibernate.tool.schema.internal.exec.GenerationTargetToDatabase.accept(GenerationTargetToDatabase.java:76) ~[hibernate-core-7.2.7.Final.jar:7.2.7.Final]
	... 38 common frames omitted

2026-04-06T10:58:09.319+02:00  WARN 15484 --- [apijson] [main] o.h.t.s.i.ExceptionHandlerLoggedImpl     : GenerationTarget encountered exception accepting command : Error executing DDL "
    alter table config 
       modify column version_lock bigint" via JDBC [Table 'apirest.config' doesn't exist]

org.hibernate.tool.schema.spi.CommandAcceptanceException: Error executing DDL "
    alter table config 
       modify column version_lock bigint" via JDBC [Table 'apirest.config' doesn't exist]
	at org.hibernate.tool.schema.internal.exec.GenerationTargetToDatabase.accept(GenerationTargetToDatabase.java:81) ~[hibernate-core-7.2.7.Final.jar:7.2.7.Final]
	at org.hibernate.tool.schema.internal.AbstractSchemaMigrator.applySqlString(AbstractSchemaMigrator.java:566) ~[hibernate-core-7.2.7.Final.jar:7.2.7.Final]
	at org.hibernate.tool.schema.internal.AbstractSchemaMigrator.applySqlStrings(AbstractSchemaMigrator.java:506) ~[hibernate-core-7.2.7.Final.jar:7.2.7.Final]
	at org.hibernate.tool.schema.internal.AbstractSchemaMigrator.migrateTable(AbstractSchemaMigrator.java:324) ~[hibernate-core-7.2.7.Final.jar:7.2.7.Final]
	at org.hibernate.tool.schema.internal.GroupedSchemaMigratorImpl.performTablesMigration(GroupedSchemaMigratorImpl.java:84) ~[hibernate-core-7.2.7.Final.jar:7.2.7.Final]
	at org.hibernate.tool.schema.internal.AbstractSchemaMigrator.performMigration(AbstractSchemaMigrator.java:220) ~[hibernate-core-7.2.7.Final.jar:7.2.7.Final]
	at org.hibernate.tool.schema.internal.AbstractSchemaMigrator.doMigration(AbstractSchemaMigrator.java:96) ~[hibernate-core-7.2.7.Final.jar:7.2.7.Final]
	at org.hibernate.tool.schema.spi.SchemaManagementToolCoordinator.performDatabaseAction(SchemaManagementToolCoordinator.java:269) ~[hibernate-core-7.2.7.Final.jar:7.2.7.Final]
	at org.hibernate.tool.schema.spi.SchemaManagementToolCoordinator.lambda$process$1(SchemaManagementToolCoordinator.java:101) ~[hibernate-core-7.2.7.Final.jar:7.2.7.Final]
	at java.base/java.util.HashMap.forEach(HashMap.java:1429) ~[na:na]
	at org.hibernate.tool.schema.spi.SchemaManagementToolCoordinator.process(SchemaManagementToolCoordinator.java:100) ~[hibernate-core-7.2.7.Final.jar:7.2.7.Final]
	at org.hibernate.boot.internal.SessionFactoryObserverForSchemaExport.sessionFactoryCreated(SessionFactoryObserverForSchemaExport.java:35) ~[hibernate-core-7.2.7.Final.jar:7.2.7.Final]
	at org.hibernate.internal.SessionFactoryObserverChain.sessionFactoryCreated(SessionFactoryObserverChain.java:33) ~[hibernate-core-7.2.7.Final.jar:7.2.7.Final]
	at org.hibernate.internal.SessionFactoryImpl.<init>(SessionFactoryImpl.java:323) ~[hibernate-core-7.2.7.Final.jar:7.2.7.Final]
	at org.hibernate.internal.SessionFactoryRegistry.instantiateSessionFactory(SessionFactoryRegistry.java:64) ~[hibernate-core-7.2.7.Final.jar:7.2.7.Final]
	at org.hibernate.boot.internal.SessionFactoryBuilderImpl.build(SessionFactoryBuilderImpl.java:437) ~[hibernate-core-7.2.7.Final.jar:7.2.7.Final]
	at org.hibernate.jpa.boot.internal.EntityManagerFactoryBuilderImpl.build(EntityManagerFactoryBuilderImpl.java:1456) ~[hibernate-core-7.2.7.Final.jar:7.2.7.Final]
	at org.springframework.orm.jpa.vendor.SpringHibernateJpaPersistenceProvider.createContainerEntityManagerFactory(SpringHibernateJpaPersistenceProvider.java:93) ~[spring-orm-7.0.6.jar:7.0.6]
	at org.springframework.orm.jpa.LocalContainerEntityManagerFactoryBean.createNativeEntityManagerFactory(LocalContainerEntityManagerFactoryBean.java:443) ~[spring-orm-7.0.6.jar:7.0.6]
	at org.springframework.orm.jpa.AbstractEntityManagerFactoryBean.buildNativeEntityManagerFactory(AbstractEntityManagerFactoryBean.java:436) ~[spring-orm-7.0.6.jar:7.0.6]
	at org.springframework.orm.jpa.AbstractEntityManagerFactoryBean.afterPropertiesSet(AbstractEntityManagerFactoryBean.java:411) ~[spring-orm-7.0.6.jar:7.0.6]
	at org.springframework.orm.jpa.LocalContainerEntityManagerFactoryBean.afterPropertiesSet(LocalContainerEntityManagerFactoryBean.java:419) ~[spring-orm-7.0.6.jar:7.0.6]
	at org.springframework.beans.factory.support.AbstractAutowireCapableBeanFactory.invokeInitMethods(AbstractAutowireCapableBeanFactory.java:1864) ~[spring-beans-7.0.6.jar:7.0.6]
	at org.springframework.beans.factory.support.AbstractAutowireCapableBeanFactory.initializeBean(AbstractAutowireCapableBeanFactory.java:1813) ~[spring-beans-7.0.6.jar:7.0.6]
	at org.springframework.beans.factory.support.AbstractAutowireCapableBeanFactory.doCreateBean(AbstractAutowireCapableBeanFactory.java:603) ~[spring-beans-7.0.6.jar:7.0.6]
	at org.springframework.beans.factory.support.AbstractAutowireCapableBeanFactory.createBean(AbstractAutowireCapableBeanFactory.java:525) ~[spring-beans-7.0.6.jar:7.0.6]
	at org.springframework.beans.factory.support.AbstractBeanFactory.lambda$doGetBean$0(AbstractBeanFactory.java:333) ~[spring-beans-7.0.6.jar:7.0.6]
	at org.springframework.beans.factory.support.DefaultSingletonBeanRegistry.getSingleton(DefaultSingletonBeanRegistry.java:371) ~[spring-beans-7.0.6.jar:7.0.6]
	at org.springframework.beans.factory.support.AbstractBeanFactory.doGetBean(AbstractBeanFactory.java:331) ~[spring-beans-7.0.6.jar:7.0.6]
	at org.springframework.beans.factory.support.AbstractBeanFactory.getBean(AbstractBeanFactory.java:201) ~[spring-beans-7.0.6.jar:7.0.6]
	at org.springframework.context.support.AbstractApplicationContext.finishBeanFactoryInitialization(AbstractApplicationContext.java:977) ~[spring-context-7.0.6.jar:7.0.6]
	at org.springframework.context.support.AbstractApplicationContext.refresh(AbstractApplicationContext.java:621) ~[spring-context-7.0.6.jar:7.0.6]
	at org.springframework.boot.web.server.servlet.context.ServletWebServerApplicationContext.refresh(ServletWebServerApplicationContext.java:143) ~[spring-boot-web-server-4.0.4.jar:4.0.4]
	at org.springframework.boot.SpringApplication.refresh(SpringApplication.java:756) ~[spring-boot-4.0.4.jar:4.0.4]
	at org.springframework.boot.SpringApplication.refreshContext(SpringApplication.java:445) ~[spring-boot-4.0.4.jar:4.0.4]
	at org.springframework.boot.SpringApplication.run(SpringApplication.java:321) ~[spring-boot-4.0.4.jar:4.0.4]
	at org.springframework.boot.SpringApplication.run(SpringApplication.java:1365) ~[spring-boot-4.0.4.jar:4.0.4]
	at org.springframework.boot.SpringApplication.run(SpringApplication.java:1354) ~[spring-boot-4.0.4.jar:4.0.4]
	at org.example.apijson.ApiJsonApplication.main(ApiJsonApplication.java:10) ~[classes/:na]
Caused by: java.sql.SQLSyntaxErrorException: Table 'apirest.config' doesn't exist
	at com.mysql.cj.jdbc.exceptions.SQLError.createSQLException(SQLError.java:112) ~[mysql-connector-j-9.6.0.jar:9.6.0]
	at com.mysql.cj.jdbc.exceptions.SQLExceptionsMapping.translateException(SQLExceptionsMapping.java:114) ~[mysql-connector-j-9.6.0.jar:9.6.0]
	at com.mysql.cj.jdbc.StatementImpl.executeInternal(StatementImpl.java:839) ~[mysql-connector-j-9.6.0.jar:9.6.0]
	at com.mysql.cj.jdbc.StatementImpl.execute(StatementImpl.java:687) ~[mysql-connector-j-9.6.0.jar:9.6.0]
	at com.zaxxer.hikari.pool.ProxyStatement.execute(ProxyStatement.java:95) ~[HikariCP-7.0.2.jar:na]
	at com.zaxxer.hikari.pool.HikariProxyStatement.execute(HikariProxyStatement.java) ~[HikariCP-7.0.2.jar:na]
	at org.hibernate.tool.schema.internal.exec.GenerationTargetToDatabase.accept(GenerationTargetToDatabase.java:76) ~[hibernate-core-7.2.7.Final.jar:7.2.7.Final]
	... 38 common frames omitted

2026-04-06T10:58:09.337+02:00  WARN 15484 --- [apijson] [main] o.h.t.s.i.ExceptionHandlerLoggedImpl     : GenerationTarget encountered exception accepting command : Error executing DDL "
    alter table attribute 
       add constraint FKmd2cob9loew0efd5ch293acj5 
       foreign key (attribute_type) 
       references attribute_type (id)" via JDBC [Table 'apirest.attribute' doesn't exist]

org.hibernate.tool.schema.spi.CommandAcceptanceException: Error executing DDL "
    alter table attribute 
       add constraint FKmd2cob9loew0efd5ch293acj5 
       foreign key (attribute_type) 
       references attribute_type (id)" via JDBC [Table 'apirest.attribute' doesn't exist]
	at org.hibernate.tool.schema.internal.exec.GenerationTargetToDatabase.accept(GenerationTargetToDatabase.java:81) ~[hibernate-core-7.2.7.Final.jar:7.2.7.Final]
	at org.hibernate.tool.schema.internal.AbstractSchemaMigrator.applySqlString(AbstractSchemaMigrator.java:566) ~[hibernate-core-7.2.7.Final.jar:7.2.7.Final]
	at org.hibernate.tool.schema.internal.AbstractSchemaMigrator.applySqlStrings(AbstractSchemaMigrator.java:506) ~[hibernate-core-7.2.7.Final.jar:7.2.7.Final]
	at org.hibernate.tool.schema.internal.AbstractSchemaMigrator.applyForeignKeys(AbstractSchemaMigrator.java:438) ~[hibernate-core-7.2.7.Final.jar:7.2.7.Final]
	at org.hibernate.tool.schema.internal.AbstractSchemaMigrator.performMigration(AbstractSchemaMigrator.java:256) ~[hibernate-core-7.2.7.Final.jar:7.2.7.Final]
	at org.hibernate.tool.schema.internal.AbstractSchemaMigrator.doMigration(AbstractSchemaMigrator.java:96) ~[hibernate-core-7.2.7.Final.jar:7.2.7.Final]
	at org.hibernate.tool.schema.spi.SchemaManagementToolCoordinator.performDatabaseAction(SchemaManagementToolCoordinator.java:269) ~[hibernate-core-7.2.7.Final.jar:7.2.7.Final]
	at org.hibernate.tool.schema.spi.SchemaManagementToolCoordinator.lambda$process$1(SchemaManagementToolCoordinator.java:101) ~[hibernate-core-7.2.7.Final.jar:7.2.7.Final]
	at java.base/java.util.HashMap.forEach(HashMap.java:1429) ~[na:na]
	at org.hibernate.tool.schema.spi.SchemaManagementToolCoordinator.process(SchemaManagementToolCoordinator.java:100) ~[hibernate-core-7.2.7.Final.jar:7.2.7.Final]
	at org.hibernate.boot.internal.SessionFactoryObserverForSchemaExport.sessionFactoryCreated(SessionFactoryObserverForSchemaExport.java:35) ~[hibernate-core-7.2.7.Final.jar:7.2.7.Final]
	at org.hibernate.internal.SessionFactoryObserverChain.sessionFactoryCreated(SessionFactoryObserverChain.java:33) ~[hibernate-core-7.2.7.Final.jar:7.2.7.Final]
	at org.hibernate.internal.SessionFactoryImpl.<init>(SessionFactoryImpl.java:323) ~[hibernate-core-7.2.7.Final.jar:7.2.7.Final]
	at org.hibernate.internal.SessionFactoryRegistry.instantiateSessionFactory(SessionFactoryRegistry.java:64) ~[hibernate-core-7.2.7.Final.jar:7.2.7.Final]
	at org.hibernate.boot.internal.SessionFactoryBuilderImpl.build(SessionFactoryBuilderImpl.java:437) ~[hibernate-core-7.2.7.Final.jar:7.2.7.Final]
	at org.hibernate.jpa.boot.internal.EntityManagerFactoryBuilderImpl.build(EntityManagerFactoryBuilderImpl.java:1456) ~[hibernate-core-7.2.7.Final.jar:7.2.7.Final]
	at org.springframework.orm.jpa.vendor.SpringHibernateJpaPersistenceProvider.createContainerEntityManagerFactory(SpringHibernateJpaPersistenceProvider.java:93) ~[spring-orm-7.0.6.jar:7.0.6]
	at org.springframework.orm.jpa.LocalContainerEntityManagerFactoryBean.createNativeEntityManagerFactory(LocalContainerEntityManagerFactoryBean.java:443) ~[spring-orm-7.0.6.jar:7.0.6]
	at org.springframework.orm.jpa.AbstractEntityManagerFactoryBean.buildNativeEntityManagerFactory(AbstractEntityManagerFactoryBean.java:436) ~[spring-orm-7.0.6.jar:7.0.6]
	at org.springframework.orm.jpa.AbstractEntityManagerFactoryBean.afterPropertiesSet(AbstractEntityManagerFactoryBean.java:411) ~[spring-orm-7.0.6.jar:7.0.6]
	at org.springframework.orm.jpa.LocalContainerEntityManagerFactoryBean.afterPropertiesSet(LocalContainerEntityManagerFactoryBean.java:419) ~[spring-orm-7.0.6.jar:7.0.6]
	at org.springframework.beans.factory.support.AbstractAutowireCapableBeanFactory.invokeInitMethods(AbstractAutowireCapableBeanFactory.java:1864) ~[spring-beans-7.0.6.jar:7.0.6]
	at org.springframework.beans.factory.support.AbstractAutowireCapableBeanFactory.initializeBean(AbstractAutowireCapableBeanFactory.java:1813) ~[spring-beans-7.0.6.jar:7.0.6]
	at org.springframework.beans.factory.support.AbstractAutowireCapableBeanFactory.doCreateBean(AbstractAutowireCapableBeanFactory.java:603) ~[spring-beans-7.0.6.jar:7.0.6]
	at org.springframework.beans.factory.support.AbstractAutowireCapableBeanFactory.createBean(AbstractAutowireCapableBeanFactory.java:525) ~[spring-beans-7.0.6.jar:7.0.6]
	at org.springframework.beans.factory.support.AbstractBeanFactory.lambda$doGetBean$0(AbstractBeanFactory.java:333) ~[spring-beans-7.0.6.jar:7.0.6]
	at org.springframework.beans.factory.support.DefaultSingletonBeanRegistry.getSingleton(DefaultSingletonBeanRegistry.java:371) ~[spring-beans-7.0.6.jar:7.0.6]
	at org.springframework.beans.factory.support.AbstractBeanFactory.doGetBean(AbstractBeanFactory.java:331) ~[spring-beans-7.0.6.jar:7.0.6]
	at org.springframework.beans.factory.support.AbstractBeanFactory.getBean(AbstractBeanFactory.java:201) ~[spring-beans-7.0.6.jar:7.0.6]
	at org.springframework.context.support.AbstractApplicationContext.finishBeanFactoryInitialization(AbstractApplicationContext.java:977) ~[spring-context-7.0.6.jar:7.0.6]
	at org.springframework.context.support.AbstractApplicationContext.refresh(AbstractApplicationContext.java:621) ~[spring-context-7.0.6.jar:7.0.6]
	at org.springframework.boot.web.server.servlet.context.ServletWebServerApplicationContext.refresh(ServletWebServerApplicationContext.java:143) ~[spring-boot-web-server-4.0.4.jar:4.0.4]
	at org.springframework.boot.SpringApplication.refresh(SpringApplication.java:756) ~[spring-boot-4.0.4.jar:4.0.4]
	at org.springframework.boot.SpringApplication.refreshContext(SpringApplication.java:445) ~[spring-boot-4.0.4.jar:4.0.4]
	at org.springframework.boot.SpringApplication.run(SpringApplication.java:321) ~[spring-boot-4.0.4.jar:4.0.4]
	at org.springframework.boot.SpringApplication.run(SpringApplication.java:1365) ~[spring-boot-4.0.4.jar:4.0.4]
	at org.springframework.boot.SpringApplication.run(SpringApplication.java:1354) ~[spring-boot-4.0.4.jar:4.0.4]
	at org.example.apijson.ApiJsonApplication.main(ApiJsonApplication.java:10) ~[classes/:na]
Caused by: java.sql.SQLSyntaxErrorException: Table 'apirest.attribute' doesn't exist
	at com.mysql.cj.jdbc.exceptions.SQLError.createSQLException(SQLError.java:112) ~[mysql-connector-j-9.6.0.jar:9.6.0]
	at com.mysql.cj.jdbc.exceptions.SQLExceptionsMapping.translateException(SQLExceptionsMapping.java:114) ~[mysql-connector-j-9.6.0.jar:9.6.0]
	at com.mysql.cj.jdbc.StatementImpl.executeInternal(StatementImpl.java:839) ~[mysql-connector-j-9.6.0.jar:9.6.0]
	at com.mysql.cj.jdbc.StatementImpl.execute(StatementImpl.java:687) ~[mysql-connector-j-9.6.0.jar:9.6.0]
	at com.zaxxer.hikari.pool.ProxyStatement.execute(ProxyStatement.java:95) ~[HikariCP-7.0.2.jar:na]
	at com.zaxxer.hikari.pool.HikariProxyStatement.execute(HikariProxyStatement.java) ~[HikariCP-7.0.2.jar:na]
	at org.hibernate.tool.schema.internal.exec.GenerationTargetToDatabase.accept(GenerationTargetToDatabase.java:76) ~[hibernate-core-7.2.7.Final.jar:7.2.7.Final]
	... 37 common frames omitted

2026-04-06T10:58:09.343+02:00  WARN 15484 --- [apijson] [main] o.h.t.s.i.ExceptionHandlerLoggedImpl     : GenerationTarget encountered exception accepting command : Error executing DDL "
    alter table attribute_type_value 
       add constraint FKg099epq3my03rrn256te4dy4y 
       foreign key (attribute_type) 
       references attribute_type (id)" via JDBC [Table 'apirest.attribute_type_value' doesn't exist]

org.hibernate.tool.schema.spi.CommandAcceptanceException: Error executing DDL "
    alter table attribute_type_value 
       add constraint FKg099epq3my03rrn256te4dy4y 
       foreign key (attribute_type) 
       references attribute_type (id)" via JDBC [Table 'apirest.attribute_type_value' doesn't exist]
	at org.hibernate.tool.schema.internal.exec.GenerationTargetToDatabase.accept(GenerationTargetToDatabase.java:81) ~[hibernate-core-7.2.7.Final.jar:7.2.7.Final]
	at org.hibernate.tool.schema.internal.AbstractSchemaMigrator.applySqlString(AbstractSchemaMigrator.java:566) ~[hibernate-core-7.2.7.Final.jar:7.2.7.Final]
	at org.hibernate.tool.schema.internal.AbstractSchemaMigrator.applySqlStrings(AbstractSchemaMigrator.java:506) ~[hibernate-core-7.2.7.Final.jar:7.2.7.Final]
	at org.hibernate.tool.schema.internal.AbstractSchemaMigrator.applyForeignKeys(AbstractSchemaMigrator.java:438) ~[hibernate-core-7.2.7.Final.jar:7.2.7.Final]
	at org.hibernate.tool.schema.internal.AbstractSchemaMigrator.performMigration(AbstractSchemaMigrator.java:256) ~[hibernate-core-7.2.7.Final.jar:7.2.7.Final]
	at org.hibernate.tool.schema.internal.AbstractSchemaMigrator.doMigration(AbstractSchemaMigrator.java:96) ~[hibernate-core-7.2.7.Final.jar:7.2.7.Final]
	at org.hibernate.tool.schema.spi.SchemaManagementToolCoordinator.performDatabaseAction(SchemaManagementToolCoordinator.java:269) ~[hibernate-core-7.2.7.Final.jar:7.2.7.Final]
	at org.hibernate.tool.schema.spi.SchemaManagementToolCoordinator.lambda$process$1(SchemaManagementToolCoordinator.java:101) ~[hibernate-core-7.2.7.Final.jar:7.2.7.Final]
	at java.base/java.util.HashMap.forEach(HashMap.java:1429) ~[na:na]
	at org.hibernate.tool.schema.spi.SchemaManagementToolCoordinator.process(SchemaManagementToolCoordinator.java:100) ~[hibernate-core-7.2.7.Final.jar:7.2.7.Final]
	at org.hibernate.boot.internal.SessionFactoryObserverForSchemaExport.sessionFactoryCreated(SessionFactoryObserverForSchemaExport.java:35) ~[hibernate-core-7.2.7.Final.jar:7.2.7.Final]
	at org.hibernate.internal.SessionFactoryObserverChain.sessionFactoryCreated(SessionFactoryObserverChain.java:33) ~[hibernate-core-7.2.7.Final.jar:7.2.7.Final]
	at org.hibernate.internal.SessionFactoryImpl.<init>(SessionFactoryImpl.java:323) ~[hibernate-core-7.2.7.Final.jar:7.2.7.Final]
	at org.hibernate.internal.SessionFactoryRegistry.instantiateSessionFactory(SessionFactoryRegistry.java:64) ~[hibernate-core-7.2.7.Final.jar:7.2.7.Final]
	at org.hibernate.boot.internal.SessionFactoryBuilderImpl.build(SessionFactoryBuilderImpl.java:437) ~[hibernate-core-7.2.7.Final.jar:7.2.7.Final]
	at org.hibernate.jpa.boot.internal.EntityManagerFactoryBuilderImpl.build(EntityManagerFactoryBuilderImpl.java:1456) ~[hibernate-core-7.2.7.Final.jar:7.2.7.Final]
	at org.springframework.orm.jpa.vendor.SpringHibernateJpaPersistenceProvider.createContainerEntityManagerFactory(SpringHibernateJpaPersistenceProvider.java:93) ~[spring-orm-7.0.6.jar:7.0.6]
	at org.springframework.orm.jpa.LocalContainerEntityManagerFactoryBean.createNativeEntityManagerFactory(LocalContainerEntityManagerFactoryBean.java:443) ~[spring-orm-7.0.6.jar:7.0.6]
	at org.springframework.orm.jpa.AbstractEntityManagerFactoryBean.buildNativeEntityManagerFactory(AbstractEntityManagerFactoryBean.java:436) ~[spring-orm-7.0.6.jar:7.0.6]
	at org.springframework.orm.jpa.AbstractEntityManagerFactoryBean.afterPropertiesSet(AbstractEntityManagerFactoryBean.java:411) ~[spring-orm-7.0.6.jar:7.0.6]
	at org.springframework.orm.jpa.LocalContainerEntityManagerFactoryBean.afterPropertiesSet(LocalContainerEntityManagerFactoryBean.java:419) ~[spring-orm-7.0.6.jar:7.0.6]
	at org.springframework.beans.factory.support.AbstractAutowireCapableBeanFactory.invokeInitMethods(AbstractAutowireCapableBeanFactory.java:1864) ~[spring-beans-7.0.6.jar:7.0.6]
	at org.springframework.beans.factory.support.AbstractAutowireCapableBeanFactory.initializeBean(AbstractAutowireCapableBeanFactory.java:1813) ~[spring-beans-7.0.6.jar:7.0.6]
	at org.springframework.beans.factory.support.AbstractAutowireCapableBeanFactory.doCreateBean(AbstractAutowireCapableBeanFactory.java:603) ~[spring-beans-7.0.6.jar:7.0.6]
	at org.springframework.beans.factory.support.AbstractAutowireCapableBeanFactory.createBean(AbstractAutowireCapableBeanFactory.java:525) ~[spring-beans-7.0.6.jar:7.0.6]
	at org.springframework.beans.factory.support.AbstractBeanFactory.lambda$doGetBean$0(AbstractBeanFactory.java:333) ~[spring-beans-7.0.6.jar:7.0.6]
	at org.springframework.beans.factory.support.DefaultSingletonBeanRegistry.getSingleton(DefaultSingletonBeanRegistry.java:371) ~[spring-beans-7.0.6.jar:7.0.6]
	at org.springframework.beans.factory.support.AbstractBeanFactory.doGetBean(AbstractBeanFactory.java:331) ~[spring-beans-7.0.6.jar:7.0.6]
	at org.springframework.beans.factory.support.AbstractBeanFactory.getBean(AbstractBeanFactory.java:201) ~[spring-beans-7.0.6.jar:7.0.6]
	at org.springframework.context.support.AbstractApplicationContext.finishBeanFactoryInitialization(AbstractApplicationContext.java:977) ~[spring-context-7.0.6.jar:7.0.6]
	at org.springframework.context.support.AbstractApplicationContext.refresh(AbstractApplicationContext.java:621) ~[spring-context-7.0.6.jar:7.0.6]
	at org.springframework.boot.web.server.servlet.context.ServletWebServerApplicationContext.refresh(ServletWebServerApplicationContext.java:143) ~[spring-boot-web-server-4.0.4.jar:4.0.4]
	at org.springframework.boot.SpringApplication.refresh(SpringApplication.java:756) ~[spring-boot-4.0.4.jar:4.0.4]
	at org.springframework.boot.SpringApplication.refreshContext(SpringApplication.java:445) ~[spring-boot-4.0.4.jar:4.0.4]
	at org.springframework.boot.SpringApplication.run(SpringApplication.java:321) ~[spring-boot-4.0.4.jar:4.0.4]
	at org.springframework.boot.SpringApplication.run(SpringApplication.java:1365) ~[spring-boot-4.0.4.jar:4.0.4]
	at org.springframework.boot.SpringApplication.run(SpringApplication.java:1354) ~[spring-boot-4.0.4.jar:4.0.4]
	at org.example.apijson.ApiJsonApplication.main(ApiJsonApplication.java:10) ~[classes/:na]
Caused by: java.sql.SQLSyntaxErrorException: Table 'apirest.attribute_type_value' doesn't exist
	at com.mysql.cj.jdbc.exceptions.SQLError.createSQLException(SQLError.java:112) ~[mysql-connector-j-9.6.0.jar:9.6.0]
	at com.mysql.cj.jdbc.exceptions.SQLExceptionsMapping.translateException(SQLExceptionsMapping.java:114) ~[mysql-connector-j-9.6.0.jar:9.6.0]
	at com.mysql.cj.jdbc.StatementImpl.executeInternal(StatementImpl.java:839) ~[mysql-connector-j-9.6.0.jar:9.6.0]
	at com.mysql.cj.jdbc.StatementImpl.execute(StatementImpl.java:687) ~[mysql-connector-j-9.6.0.jar:9.6.0]
	at com.zaxxer.hikari.pool.ProxyStatement.execute(ProxyStatement.java:95) ~[HikariCP-7.0.2.jar:na]
	at com.zaxxer.hikari.pool.HikariProxyStatement.execute(HikariProxyStatement.java) ~[HikariCP-7.0.2.jar:na]
	at org.hibernate.tool.schema.internal.exec.GenerationTargetToDatabase.accept(GenerationTargetToDatabase.java:76) ~[hibernate-core-7.2.7.Final.jar:7.2.7.Final]
	... 37 common frames omitted

2026-04-06T10:58:09.348+02:00  WARN 15484 --- [apijson] [main] o.h.t.s.i.ExceptionHandlerLoggedImpl     : GenerationTarget encountered exception accepting command : Error executing DDL "
    alter table config 
       add constraint FKmqj4jow300nw1qlhsrmsakey3 
       foreign key (attribute_id) 
       references attribute (id)" via JDBC [Table 'apirest.config' doesn't exist]

org.hibernate.tool.schema.spi.CommandAcceptanceException: Error executing DDL "
    alter table config 
       add constraint FKmqj4jow300nw1qlhsrmsakey3 
       foreign key (attribute_id) 
       references attribute (id)" via JDBC [Table 'apirest.config' doesn't exist]
	at org.hibernate.tool.schema.internal.exec.GenerationTargetToDatabase.accept(GenerationTargetToDatabase.java:81) ~[hibernate-core-7.2.7.Final.jar:7.2.7.Final]
	at org.hibernate.tool.schema.internal.AbstractSchemaMigrator.applySqlString(AbstractSchemaMigrator.java:566) ~[hibernate-core-7.2.7.Final.jar:7.2.7.Final]
	at org.hibernate.tool.schema.internal.AbstractSchemaMigrator.applySqlStrings(AbstractSchemaMigrator.java:506) ~[hibernate-core-7.2.7.Final.jar:7.2.7.Final]
	at org.hibernate.tool.schema.internal.AbstractSchemaMigrator.applyForeignKeys(AbstractSchemaMigrator.java:438) ~[hibernate-core-7.2.7.Final.jar:7.2.7.Final]
	at org.hibernate.tool.schema.internal.AbstractSchemaMigrator.performMigration(AbstractSchemaMigrator.java:256) ~[hibernate-core-7.2.7.Final.jar:7.2.7.Final]
	at org.hibernate.tool.schema.internal.AbstractSchemaMigrator.doMigration(AbstractSchemaMigrator.java:96) ~[hibernate-core-7.2.7.Final.jar:7.2.7.Final]
	at org.hibernate.tool.schema.spi.SchemaManagementToolCoordinator.performDatabaseAction(SchemaManagementToolCoordinator.java:269) ~[hibernate-core-7.2.7.Final.jar:7.2.7.Final]
	at org.hibernate.tool.schema.spi.SchemaManagementToolCoordinator.lambda$process$1(SchemaManagementToolCoordinator.java:101) ~[hibernate-core-7.2.7.Final.jar:7.2.7.Final]
	at java.base/java.util.HashMap.forEach(HashMap.java:1429) ~[na:na]
	at org.hibernate.tool.schema.spi.SchemaManagementToolCoordinator.process(SchemaManagementToolCoordinator.java:100) ~[hibernate-core-7.2.7.Final.jar:7.2.7.Final]
	at org.hibernate.boot.internal.SessionFactoryObserverForSchemaExport.sessionFactoryCreated(SessionFactoryObserverForSchemaExport.java:35) ~[hibernate-core-7.2.7.Final.jar:7.2.7.Final]
	at org.hibernate.internal.SessionFactoryObserverChain.sessionFactoryCreated(SessionFactoryObserverChain.java:33) ~[hibernate-core-7.2.7.Final.jar:7.2.7.Final]
	at org.hibernate.internal.SessionFactoryImpl.<init>(SessionFactoryImpl.java:323) ~[hibernate-core-7.2.7.Final.jar:7.2.7.Final]
	at org.hibernate.internal.SessionFactoryRegistry.instantiateSessionFactory(SessionFactoryRegistry.java:64) ~[hibernate-core-7.2.7.Final.jar:7.2.7.Final]
	at org.hibernate.boot.internal.SessionFactoryBuilderImpl.build(SessionFactoryBuilderImpl.java:437) ~[hibernate-core-7.2.7.Final.jar:7.2.7.Final]
	at org.hibernate.jpa.boot.internal.EntityManagerFactoryBuilderImpl.build(EntityManagerFactoryBuilderImpl.java:1456) ~[hibernate-core-7.2.7.Final.jar:7.2.7.Final]
	at org.springframework.orm.jpa.vendor.SpringHibernateJpaPersistenceProvider.createContainerEntityManagerFactory(SpringHibernateJpaPersistenceProvider.java:93) ~[spring-orm-7.0.6.jar:7.0.6]
	at org.springframework.orm.jpa.LocalContainerEntityManagerFactoryBean.createNativeEntityManagerFactory(LocalContainerEntityManagerFactoryBean.java:443) ~[spring-orm-7.0.6.jar:7.0.6]
	at org.springframework.orm.jpa.AbstractEntityManagerFactoryBean.buildNativeEntityManagerFactory(AbstractEntityManagerFactoryBean.java:436) ~[spring-orm-7.0.6.jar:7.0.6]
	at org.springframework.orm.jpa.AbstractEntityManagerFactoryBean.afterPropertiesSet(AbstractEntityManagerFactoryBean.java:411) ~[spring-orm-7.0.6.jar:7.0.6]
	at org.springframework.orm.jpa.LocalContainerEntityManagerFactoryBean.afterPropertiesSet(LocalContainerEntityManagerFactoryBean.java:419) ~[spring-orm-7.0.6.jar:7.0.6]
	at org.springframework.beans.factory.support.AbstractAutowireCapableBeanFactory.invokeInitMethods(AbstractAutowireCapableBeanFactory.java:1864) ~[spring-beans-7.0.6.jar:7.0.6]
	at org.springframework.beans.factory.support.AbstractAutowireCapableBeanFactory.initializeBean(AbstractAutowireCapableBeanFactory.java:1813) ~[spring-beans-7.0.6.jar:7.0.6]
	at org.springframework.beans.factory.support.AbstractAutowireCapableBeanFactory.doCreateBean(AbstractAutowireCapableBeanFactory.java:603) ~[spring-beans-7.0.6.jar:7.0.6]
	at org.springframework.beans.factory.support.AbstractAutowireCapableBeanFactory.createBean(AbstractAutowireCapableBeanFactory.java:525) ~[spring-beans-7.0.6.jar:7.0.6]
	at org.springframework.beans.factory.support.AbstractBeanFactory.lambda$doGetBean$0(AbstractBeanFactory.java:333) ~[spring-beans-7.0.6.jar:7.0.6]
	at org.springframework.beans.factory.support.DefaultSingletonBeanRegistry.getSingleton(DefaultSingletonBeanRegistry.java:371) ~[spring-beans-7.0.6.jar:7.0.6]
	at org.springframework.beans.factory.support.AbstractBeanFactory.doGetBean(AbstractBeanFactory.java:331) ~[spring-beans-7.0.6.jar:7.0.6]
	at org.springframework.beans.factory.support.AbstractBeanFactory.getBean(AbstractBeanFactory.java:201) ~[spring-beans-7.0.6.jar:7.0.6]
	at org.springframework.context.support.AbstractApplicationContext.finishBeanFactoryInitialization(AbstractApplicationContext.java:977) ~[spring-context-7.0.6.jar:7.0.6]
	at org.springframework.context.support.AbstractApplicationContext.refresh(AbstractApplicationContext.java:621) ~[spring-context-7.0.6.jar:7.0.6]
	at org.springframework.boot.web.server.servlet.context.ServletWebServerApplicationContext.refresh(ServletWebServerApplicationContext.java:143) ~[spring-boot-web-server-4.0.4.jar:4.0.4]
	at org.springframework.boot.SpringApplication.refresh(SpringApplication.java:756) ~[spring-boot-4.0.4.jar:4.0.4]
	at org.springframework.boot.SpringApplication.refreshContext(SpringApplication.java:445) ~[spring-boot-4.0.4.jar:4.0.4]
	at org.springframework.boot.SpringApplication.run(SpringApplication.java:321) ~[spring-boot-4.0.4.jar:4.0.4]
	at org.springframework.boot.SpringApplication.run(SpringApplication.java:1365) ~[spring-boot-4.0.4.jar:4.0.4]
	at org.springframework.boot.SpringApplication.run(SpringApplication.java:1354) ~[spring-boot-4.0.4.jar:4.0.4]
	at org.example.apijson.ApiJsonApplication.main(ApiJsonApplication.java:10) ~[classes/:na]
Caused by: java.sql.SQLSyntaxErrorException: Table 'apirest.config' doesn't exist
	at com.mysql.cj.jdbc.exceptions.SQLError.createSQLException(SQLError.java:112) ~[mysql-connector-j-9.6.0.jar:9.6.0]
	at com.mysql.cj.jdbc.exceptions.SQLExceptionsMapping.translateException(SQLExceptionsMapping.java:114) ~[mysql-connector-j-9.6.0.jar:9.6.0]
	at com.mysql.cj.jdbc.StatementImpl.executeInternal(StatementImpl.java:839) ~[mysql-connector-j-9.6.0.jar:9.6.0]
	at com.mysql.cj.jdbc.StatementImpl.execute(StatementImpl.java:687) ~[mysql-connector-j-9.6.0.jar:9.6.0]
	at com.zaxxer.hikari.pool.ProxyStatement.execute(ProxyStatement.java:95) ~[HikariCP-7.0.2.jar:na]
	at com.zaxxer.hikari.pool.HikariProxyStatement.execute(HikariProxyStatement.java) ~[HikariCP-7.0.2.jar:na]
	at org.hibernate.tool.schema.internal.exec.GenerationTargetToDatabase.accept(GenerationTargetToDatabase.java:76) ~[hibernate-core-7.2.7.Final.jar:7.2.7.Final]
	... 37 common frames omitted

2026-04-06T10:58:09.352+02:00  WARN 15484 --- [apijson] [main] o.h.t.s.i.ExceptionHandlerLoggedImpl     : GenerationTarget encountered exception accepting command : Error executing DDL "
    alter table config 
       add constraint FKjm4753hifplva3xkwwbxdi23p 
       foreign key (parent) 
       references config (id)" via JDBC [Table 'apirest.config' doesn't exist]

org.hibernate.tool.schema.spi.CommandAcceptanceException: Error executing DDL "
    alter table config 
       add constraint FKjm4753hifplva3xkwwbxdi23p 
       foreign key (parent) 
       references config (id)" via JDBC [Table 'apirest.config' doesn't exist]
	at org.hibernate.tool.schema.internal.exec.GenerationTargetToDatabase.accept(GenerationTargetToDatabase.java:81) ~[hibernate-core-7.2.7.Final.jar:7.2.7.Final]
	at org.hibernate.tool.schema.internal.AbstractSchemaMigrator.applySqlString(AbstractSchemaMigrator.java:566) ~[hibernate-core-7.2.7.Final.jar:7.2.7.Final]
	at org.hibernate.tool.schema.internal.AbstractSchemaMigrator.applySqlStrings(AbstractSchemaMigrator.java:506) ~[hibernate-core-7.2.7.Final.jar:7.2.7.Final]
	at org.hibernate.tool.schema.internal.AbstractSchemaMigrator.applyForeignKeys(AbstractSchemaMigrator.java:438) ~[hibernate-core-7.2.7.Final.jar:7.2.7.Final]
	at org.hibernate.tool.schema.internal.AbstractSchemaMigrator.performMigration(AbstractSchemaMigrator.java:256) ~[hibernate-core-7.2.7.Final.jar:7.2.7.Final]
	at org.hibernate.tool.schema.internal.AbstractSchemaMigrator.doMigration(AbstractSchemaMigrator.java:96) ~[hibernate-core-7.2.7.Final.jar:7.2.7.Final]
	at org.hibernate.tool.schema.spi.SchemaManagementToolCoordinator.performDatabaseAction(SchemaManagementToolCoordinator.java:269) ~[hibernate-core-7.2.7.Final.jar:7.2.7.Final]
	at org.hibernate.tool.schema.spi.SchemaManagementToolCoordinator.lambda$process$1(SchemaManagementToolCoordinator.java:101) ~[hibernate-core-7.2.7.Final.jar:7.2.7.Final]
	at java.base/java.util.HashMap.forEach(HashMap.java:1429) ~[na:na]
	at org.hibernate.tool.schema.spi.SchemaManagementToolCoordinator.process(SchemaManagementToolCoordinator.java:100) ~[hibernate-core-7.2.7.Final.jar:7.2.7.Final]
	at org.hibernate.boot.internal.SessionFactoryObserverForSchemaExport.sessionFactoryCreated(SessionFactoryObserverForSchemaExport.java:35) ~[hibernate-core-7.2.7.Final.jar:7.2.7.Final]
	at org.hibernate.internal.SessionFactoryObserverChain.sessionFactoryCreated(SessionFactoryObserverChain.java:33) ~[hibernate-core-7.2.7.Final.jar:7.2.7.Final]
	at org.hibernate.internal.SessionFactoryImpl.<init>(SessionFactoryImpl.java:323) ~[hibernate-core-7.2.7.Final.jar:7.2.7.Final]
	at org.hibernate.internal.SessionFactoryRegistry.instantiateSessionFactory(SessionFactoryRegistry.java:64) ~[hibernate-core-7.2.7.Final.jar:7.2.7.Final]
	at org.hibernate.boot.internal.SessionFactoryBuilderImpl.build(SessionFactoryBuilderImpl.java:437) ~[hibernate-core-7.2.7.Final.jar:7.2.7.Final]
	at org.hibernate.jpa.boot.internal.EntityManagerFactoryBuilderImpl.build(EntityManagerFactoryBuilderImpl.java:1456) ~[hibernate-core-7.2.7.Final.jar:7.2.7.Final]
	at org.springframework.orm.jpa.vendor.SpringHibernateJpaPersistenceProvider.createContainerEntityManagerFactory(SpringHibernateJpaPersistenceProvider.java:93) ~[spring-orm-7.0.6.jar:7.0.6]
	at org.springframework.orm.jpa.LocalContainerEntityManagerFactoryBean.createNativeEntityManagerFactory(LocalContainerEntityManagerFactoryBean.java:443) ~[spring-orm-7.0.6.jar:7.0.6]
	at org.springframework.orm.jpa.AbstractEntityManagerFactoryBean.buildNativeEntityManagerFactory(AbstractEntityManagerFactoryBean.java:436) ~[spring-orm-7.0.6.jar:7.0.6]
	at org.springframework.orm.jpa.AbstractEntityManagerFactoryBean.afterPropertiesSet(AbstractEntityManagerFactoryBean.java:411) ~[spring-orm-7.0.6.jar:7.0.6]
	at org.springframework.orm.jpa.LocalContainerEntityManagerFactoryBean.afterPropertiesSet(LocalContainerEntityManagerFactoryBean.java:419) ~[spring-orm-7.0.6.jar:7.0.6]
	at org.springframework.beans.factory.support.AbstractAutowireCapableBeanFactory.invokeInitMethods(AbstractAutowireCapableBeanFactory.java:1864) ~[spring-beans-7.0.6.jar:7.0.6]
	at org.springframework.beans.factory.support.AbstractAutowireCapableBeanFactory.initializeBean(AbstractAutowireCapableBeanFactory.java:1813) ~[spring-beans-7.0.6.jar:7.0.6]
	at org.springframework.beans.factory.support.AbstractAutowireCapableBeanFactory.doCreateBean(AbstractAutowireCapableBeanFactory.java:603) ~[spring-beans-7.0.6.jar:7.0.6]
	at org.springframework.beans.factory.support.AbstractAutowireCapableBeanFactory.createBean(AbstractAutowireCapableBeanFactory.java:525) ~[spring-beans-7.0.6.jar:7.0.6]
	at org.springframework.beans.factory.support.AbstractBeanFactory.lambda$doGetBean$0(AbstractBeanFactory.java:333) ~[spring-beans-7.0.6.jar:7.0.6]
	at org.springframework.beans.factory.support.DefaultSingletonBeanRegistry.getSingleton(DefaultSingletonBeanRegistry.java:371) ~[spring-beans-7.0.6.jar:7.0.6]
	at org.springframework.beans.factory.support.AbstractBeanFactory.doGetBean(AbstractBeanFactory.java:331) ~[spring-beans-7.0.6.jar:7.0.6]
	at org.springframework.beans.factory.support.AbstractBeanFactory.getBean(AbstractBeanFactory.java:201) ~[spring-beans-7.0.6.jar:7.0.6]
	at org.springframework.context.support.AbstractApplicationContext.finishBeanFactoryInitialization(AbstractApplicationContext.java:977) ~[spring-context-7.0.6.jar:7.0.6]
	at org.springframework.context.support.AbstractApplicationContext.refresh(AbstractApplicationContext.java:621) ~[spring-context-7.0.6.jar:7.0.6]
	at org.springframework.boot.web.server.servlet.context.ServletWebServerApplicationContext.refresh(ServletWebServerApplicationContext.java:143) ~[spring-boot-web-server-4.0.4.jar:4.0.4]
	at org.springframework.boot.SpringApplication.refresh(SpringApplication.java:756) ~[spring-boot-4.0.4.jar:4.0.4]
	at org.springframework.boot.SpringApplication.refreshContext(SpringApplication.java:445) ~[spring-boot-4.0.4.jar:4.0.4]
	at org.springframework.boot.SpringApplication.run(SpringApplication.java:321) ~[spring-boot-4.0.4.jar:4.0.4]
	at org.springframework.boot.SpringApplication.run(SpringApplication.java:1365) ~[spring-boot-4.0.4.jar:4.0.4]
	at org.springframework.boot.SpringApplication.run(SpringApplication.java:1354) ~[spring-boot-4.0.4.jar:4.0.4]
	at org.example.apijson.ApiJsonApplication.main(ApiJsonApplication.java:10) ~[classes/:na]
Caused by: java.sql.SQLSyntaxErrorException: Table 'apirest.config' doesn't exist
	at com.mysql.cj.jdbc.exceptions.SQLError.createSQLException(SQLError.java:112) ~[mysql-connector-j-9.6.0.jar:9.6.0]
	at com.mysql.cj.jdbc.exceptions.SQLExceptionsMapping.translateException(SQLExceptionsMapping.java:114) ~[mysql-connector-j-9.6.0.jar:9.6.0]
	at com.mysql.cj.jdbc.StatementImpl.executeInternal(StatementImpl.java:839) ~[mysql-connector-j-9.6.0.jar:9.6.0]
	at com.mysql.cj.jdbc.StatementImpl.execute(StatementImpl.java:687) ~[mysql-connector-j-9.6.0.jar:9.6.0]
	at com.zaxxer.hikari.pool.ProxyStatement.execute(ProxyStatement.java:95) ~[HikariCP-7.0.2.jar:na]
	at com.zaxxer.hikari.pool.HikariProxyStatement.execute(HikariProxyStatement.java) ~[HikariCP-7.0.2.jar:na]
	at org.hibernate.tool.schema.internal.exec.GenerationTargetToDatabase.accept(GenerationTargetToDatabase.java:76) ~[hibernate-core-7.2.7.Final.jar:7.2.7.Final]
	... 37 common frames omitted

2026-04-06T10:58:09.355+02:00  INFO 15484 --- [apijson] [main] j.LocalContainerEntityManagerFactoryBean : Initialized JPA EntityManagerFactory for persistence unit 'default'
2026-04-06T10:58:09.503+02:00  INFO 15484 --- [apijson] [main] o.s.d.j.r.query.QueryEnhancerFactories   : Hibernate is in classpath; If applicable, HQL parser will be used.
2026-04-06T10:58:11.408+02:00  INFO 15484 --- [apijson] [main] o.s.boot.tomcat.TomcatWebServer          : Tomcat started on port 8080 (http) with context path '/'
2026-04-06T10:58:11.419+02:00  INFO 15484 --- [apijson] [main] org.example.apijson.ApiJsonApplication   : Started ApiJsonApplication in 9.419 seconds (process running for 10.995)
2026-04-06T10:58:11.423+02:00  INFO 15484 --- [apijson] [SpringApplicationShutdownHook] o.s.boot.tomcat.GracefulShutdown         : Commencing graceful shutdown. Waiting for active requests to complete
2026-04-06T10:58:11.437+02:00  INFO 15484 --- [apijson] [tomcat-shutdown] o.s.boot.tomcat.GracefulShutdown         : Graceful shutdown complete
2026-04-06T10:58:11.444+02:00  INFO 15484 --- [apijson] [SpringApplicationShutdownHook] j.LocalContainerEntityManagerFactoryBean : Closing JPA EntityManagerFactory for persistence unit 'default'
2026-04-06T10:58:11.449+02:00  INFO 15484 --- [apijson] [SpringApplicationShutdownHook] com.zaxxer.hikari.HikariDataSource       : HikariPool-1 - Shutdown initiated...
2026-04-06T10:58:11.462+02:00  INFO 15484 --- [apijson] [SpringApplicationShutdownHook] com.zaxxer.hikari.HikariDataSource       : HikariPool-1 - Shutdown completed.
2026-04-06T10:58:18.095+02:00  INFO 5576 --- [apijson] [main] org.example.apijson.ApiJsonApplication   : Starting ApiJsonApplication using Java 21.0.10 with PID 5576 (C:\Users\gvega\IdeaProjects\ApiJson\target\classes started by gvega in C:\Users\gvega\IdeaProjects\ApiJson)
2026-04-06T10:58:18.102+02:00  INFO 5576 --- [apijson] [main] org.example.apijson.ApiJsonApplication   : No active profile set, falling back to 1 default profile: "default"
2026-04-06T10:58:19.203+02:00  INFO 5576 --- [apijson] [main] .s.d.r.c.RepositoryConfigurationDelegate : Bootstrapping Spring Data JPA repositories in DEFAULT mode.
2026-04-06T10:58:19.293+02:00  INFO 5576 --- [apijson] [main] .s.d.r.c.RepositoryConfigurationDelegate : Finished Spring Data repository scanning in 78 ms. Found 4 JPA repository interfaces.
2026-04-06T10:58:19.878+02:00  INFO 5576 --- [apijson] [main] o.s.boot.tomcat.TomcatWebServer          : Tomcat initialized with port 8080 (http)
2026-04-06T10:58:19.893+02:00  INFO 5576 --- [apijson] [main] o.apache.catalina.core.StandardService   : Starting service [Tomcat]
2026-04-06T10:58:19.893+02:00  INFO 5576 --- [apijson] [main] o.apache.catalina.core.StandardEngine    : Starting Servlet engine: [Apache Tomcat/11.0.18]
2026-04-06T10:58:19.960+02:00  INFO 5576 --- [apijson] [main] b.w.c.s.WebApplicationContextInitializer : Root WebApplicationContext: initialization completed in 1780 ms
2026-04-06T10:58:20.226+02:00  INFO 5576 --- [apijson] [main] org.hibernate.orm.jpa                    : HHH008540: Processing PersistenceUnitInfo [name: default]
2026-04-06T10:58:20.322+02:00  INFO 5576 --- [apijson] [main] org.hibernate.orm.core                   : HHH000001: Hibernate ORM core version 7.2.7.Final
2026-04-06T10:58:21.079+02:00  INFO 5576 --- [apijson] [main] o.s.o.j.p.SpringPersistenceUnitInfo      : No LoadTimeWeaver setup: ignoring JPA class transformer
2026-04-06T10:58:21.118+02:00  INFO 5576 --- [apijson] [main] com.zaxxer.hikari.HikariDataSource       : HikariPool-1 - Starting...
2026-04-06T10:58:21.514+02:00  INFO 5576 --- [apijson] [main] com.zaxxer.hikari.pool.HikariPool        : HikariPool-1 - Added connection com.mysql.cj.jdbc.ConnectionImpl@71285693
2026-04-06T10:58:21.516+02:00  INFO 5576 --- [apijson] [main] com.zaxxer.hikari.HikariDataSource       : HikariPool-1 - Start completed.
2026-04-06T10:58:21.578+02:00  WARN 5576 --- [apijson] [main] org.hibernate.orm.deprecation            : HHH90000025: MySQLDialect does not need to be specified explicitly using 'hibernate.dialect' (remove the property setting and it will be selected by default)
2026-04-06T10:58:21.601+02:00  INFO 5576 --- [apijson] [main] org.hibernate.orm.connections.pooling    : HHH10001005: Database info:
	Database JDBC URL [jdbc:mysql://localhost:3306/apirest]
	Database driver: MySQL Connector/J
	Database dialect: MySQLDialect
	Database version: 8.0.45
	Default catalog/schema: apirest/undefined
	Autocommit mode: undefined/unknown
	Isolation level: REPEATABLE_READ [default REPEATABLE_READ]
	JDBC fetch size: none
	Pool: DataSourceConnectionProvider
	Minimum pool size: undefined/unknown
	Maximum pool size: undefined/unknown
2026-04-06T10:58:22.935+02:00  INFO 5576 --- [apijson] [main] org.hibernate.orm.core                   : HHH000489: No JTA platform available (set 'hibernate.transaction.jta.platform' to enable JTA platform integration)
2026-04-06T10:58:23.673+02:00  INFO 5576 --- [apijson] [main] j.LocalContainerEntityManagerFactoryBean : Initialized JPA EntityManagerFactory for persistence unit 'default'
2026-04-06T10:58:23.784+02:00  INFO 5576 --- [apijson] [main] o.s.d.j.r.query.QueryEnhancerFactories   : Hibernate is in classpath; If applicable, HQL parser will be used.
2026-04-06T10:58:24.862+02:00  INFO 5576 --- [apijson] [main] o.s.boot.tomcat.TomcatWebServer          : Tomcat started on port 8080 (http) with context path '/'
2026-04-06T10:58:24.870+02:00  INFO 5576 --- [apijson] [main] org.example.apijson.ApiJsonApplication   : Started ApiJsonApplication in 7.596 seconds (process running for 9.162)
2026-04-06T10:58:58.261+02:00  INFO 5576 --- [apijson] [http-nio-8080-exec-1] o.a.c.c.C.[Tomcat].[localhost].[/]       : Initializing Spring DispatcherServlet 'dispatcherServlet'
2026-04-06T10:58:58.261+02:00  INFO 5576 --- [apijson] [http-nio-8080-exec-1] o.s.web.servlet.DispatcherServlet        : Initializing Servlet 'dispatcherServlet'
2026-04-06T10:58:58.261+02:00  INFO 5576 --- [apijson] [http-nio-8080-exec-1] o.s.web.servlet.DispatcherServlet        : Completed initialization in 0 ms
2026-04-06T11:00:16.425+02:00  INFO 5576 --- [apijson] [http-nio-8080-exec-3] o.e.a.Servicio.DeserializarService       : validación exitosa para el atributo 'indicators'
2026-04-06T11:00:38.225+02:00  INFO 5576 --- [apijson] [http-nio-8080-exec-4] o.e.a.Servicio.DeserializarService       : validación exitosa para el atributo 'indicators'
2026-04-06T11:00:53.218+02:00  INFO 5576 --- [apijson] [SpringApplicationShutdownHook] o.s.boot.tomcat.GracefulShutdown         : Commencing graceful shutdown. Waiting for active requests to complete
2026-04-06T11:00:53.232+02:00  INFO 5576 --- [apijson] [tomcat-shutdown] o.s.boot.tomcat.GracefulShutdown         : Graceful shutdown complete
2026-04-06T11:00:53.240+02:00  INFO 5576 --- [apijson] [SpringApplicationShutdownHook] j.LocalContainerEntityManagerFactoryBean : Closing JPA EntityManagerFactory for persistence unit 'default'
2026-04-06T11:00:53.243+02:00  INFO 5576 --- [apijson] [SpringApplicationShutdownHook] com.zaxxer.hikari.HikariDataSource       : HikariPool-1 - Shutdown initiated...
2026-04-06T11:00:53.253+02:00  INFO 5576 --- [apijson] [SpringApplicationShutdownHook] com.zaxxer.hikari.HikariDataSource       : HikariPool-1 - Shutdown completed.
2026-04-06T11:01:09.121+02:00  INFO 13184 --- [apijson] [main] org.example.apijson.ApiJsonApplication   : Starting ApiJsonApplication using Java 21.0.10 with PID 13184 (C:\Users\gvega\IdeaProjects\ApiJson\target\classes started by gvega in C:\Users\gvega\IdeaProjects\ApiJson)
2026-04-06T11:01:09.125+02:00  INFO 13184 --- [apijson] [main] org.example.apijson.ApiJsonApplication   : No active profile set, falling back to 1 default profile: "default"
2026-04-06T11:01:10.147+02:00  INFO 13184 --- [apijson] [main] .s.d.r.c.RepositoryConfigurationDelegate : Bootstrapping Spring Data JPA repositories in DEFAULT mode.
2026-04-06T11:01:10.223+02:00  INFO 13184 --- [apijson] [main] .s.d.r.c.RepositoryConfigurationDelegate : Finished Spring Data repository scanning in 64 ms. Found 4 JPA repository interfaces.
2026-04-06T11:01:10.761+02:00  INFO 13184 --- [apijson] [main] o.s.boot.tomcat.TomcatWebServer          : Tomcat initialized with port 8080 (http)
2026-04-06T11:01:10.778+02:00  INFO 13184 --- [apijson] [main] o.apache.catalina.core.StandardService   : Starting service [Tomcat]
2026-04-06T11:01:10.779+02:00  INFO 13184 --- [apijson] [main] o.apache.catalina.core.StandardEngine    : Starting Servlet engine: [Apache Tomcat/11.0.18]
2026-04-06T11:01:10.848+02:00  INFO 13184 --- [apijson] [main] b.w.c.s.WebApplicationContextInitializer : Root WebApplicationContext: initialization completed in 1656 ms
2026-04-06T11:01:11.064+02:00  INFO 13184 --- [apijson] [main] org.hibernate.orm.jpa                    : HHH008540: Processing PersistenceUnitInfo [name: default]
2026-04-06T11:01:11.124+02:00  INFO 13184 --- [apijson] [main] org.hibernate.orm.core                   : HHH000001: Hibernate ORM core version 7.2.7.Final
2026-04-06T11:01:11.699+02:00  INFO 13184 --- [apijson] [main] o.s.o.j.p.SpringPersistenceUnitInfo      : No LoadTimeWeaver setup: ignoring JPA class transformer
2026-04-06T11:01:11.736+02:00  INFO 13184 --- [apijson] [main] com.zaxxer.hikari.HikariDataSource       : HikariPool-1 - Starting...
2026-04-06T11:01:12.120+02:00  INFO 13184 --- [apijson] [main] com.zaxxer.hikari.pool.HikariPool        : HikariPool-1 - Added connection com.mysql.cj.jdbc.ConnectionImpl@24010875
2026-04-06T11:01:12.123+02:00  INFO 13184 --- [apijson] [main] com.zaxxer.hikari.HikariDataSource       : HikariPool-1 - Start completed.
2026-04-06T11:01:12.185+02:00  WARN 13184 --- [apijson] [main] org.hibernate.orm.deprecation            : HHH90000025: MySQLDialect does not need to be specified explicitly using 'hibernate.dialect' (remove the property setting and it will be selected by default)
2026-04-06T11:01:12.207+02:00  INFO 13184 --- [apijson] [main] org.hibernate.orm.connections.pooling    : HHH10001005: Database info:
	Database JDBC URL [jdbc:mysql://localhost:3306/apirest]
	Database driver: MySQL Connector/J
	Database dialect: MySQLDialect
	Database version: 8.0.45
	Default catalog/schema: apirest/undefined
	Autocommit mode: undefined/unknown
	Isolation level: REPEATABLE_READ [default REPEATABLE_READ]
	JDBC fetch size: none
	Pool: DataSourceConnectionProvider
	Minimum pool size: undefined/unknown
	Maximum pool size: undefined/unknown
2026-04-06T11:01:13.829+02:00  INFO 13184 --- [apijson] [main] org.hibernate.orm.core                   : HHH000489: No JTA platform available (set 'hibernate.transaction.jta.platform' to enable JTA platform integration)
2026-04-06T11:01:14.544+02:00  INFO 13184 --- [apijson] [main] j.LocalContainerEntityManagerFactoryBean : Initialized JPA EntityManagerFactory for persistence unit 'default'
2026-04-06T11:01:14.697+02:00  INFO 13184 --- [apijson] [main] o.s.d.j.r.query.QueryEnhancerFactories   : Hibernate is in classpath; If applicable, HQL parser will be used.
2026-04-06T11:01:16.020+02:00  INFO 13184 --- [apijson] [main] o.s.boot.tomcat.TomcatWebServer          : Tomcat started on port 8080 (http) with context path '/'
2026-04-06T11:01:16.027+02:00  INFO 13184 --- [apijson] [main] org.example.apijson.ApiJsonApplication   : Started ApiJsonApplication in 7.639 seconds (process running for 8.76)
2026-04-06T11:02:18.607+02:00  INFO 13184 --- [apijson] [http-nio-8080-exec-1] o.a.c.c.C.[Tomcat].[localhost].[/]       : Initializing Spring DispatcherServlet 'dispatcherServlet'
2026-04-06T11:02:18.607+02:00  INFO 13184 --- [apijson] [http-nio-8080-exec-1] o.s.web.servlet.DispatcherServlet        : Initializing Servlet 'dispatcherServlet'
2026-04-06T11:02:18.608+02:00  INFO 13184 --- [apijson] [http-nio-8080-exec-1] o.s.web.servlet.DispatcherServlet        : Completed initialization in 1 ms
2026-04-06T11:02:19.474+02:00  INFO 13184 --- [apijson] [http-nio-8080-exec-3] o.springdoc.api.AbstractOpenApiResource  : Init duration for springdoc-openapi is: 586 ms
2026-04-06T11:38:25.714+02:00  INFO 13184 --- [apijson] [SpringApplicationShutdownHook] o.s.boot.tomcat.GracefulShutdown         : Commencing graceful shutdown. Waiting for active requests to complete
2026-04-06T11:38:25.759+02:00  INFO 13184 --- [apijson] [tomcat-shutdown] o.s.boot.tomcat.GracefulShutdown         : Graceful shutdown complete
2026-04-06T11:38:25.814+02:00  INFO 13184 --- [apijson] [SpringApplicationShutdownHook] j.LocalContainerEntityManagerFactoryBean : Closing JPA EntityManagerFactory for persistence unit 'default'
2026-04-06T11:38:25.988+02:00  INFO 13184 --- [apijson] [SpringApplicationShutdownHook] com.zaxxer.hikari.HikariDataSource       : HikariPool-1 - Shutdown initiated...
2026-04-06T11:38:26.004+02:00  INFO 13184 --- [apijson] [SpringApplicationShutdownHook] com.zaxxer.hikari.HikariDataSource       : HikariPool-1 - Shutdown completed.
2026-04-06T11:38:44.313+02:00  INFO 8008 --- [apijson] [main] org.example.apijson.ApiJsonApplication   : Starting ApiJsonApplication using Java 21.0.10 with PID 8008 (C:\Users\gvega\IdeaProjects\ApiJson\target\classes started by gvega in C:\Users\gvega\IdeaProjects\ApiJson)
2026-04-06T11:38:44.318+02:00  INFO 8008 --- [apijson] [main] org.example.apijson.ApiJsonApplication   : No active profile set, falling back to 1 default profile: "default"
2026-04-06T11:38:46.140+02:00  INFO 8008 --- [apijson] [main] .s.d.r.c.RepositoryConfigurationDelegate : Bootstrapping Spring Data JPA repositories in DEFAULT mode.
2026-04-06T11:38:46.275+02:00  INFO 8008 --- [apijson] [main] .s.d.r.c.RepositoryConfigurationDelegate : Finished Spring Data repository scanning in 113 ms. Found 4 JPA repository interfaces.
2026-04-06T11:38:46.912+02:00  INFO 8008 --- [apijson] [main] o.s.boot.tomcat.TomcatWebServer          : Tomcat initialized with port 8080 (http)
2026-04-06T11:38:46.934+02:00  INFO 8008 --- [apijson] [main] o.apache.catalina.core.StandardService   : Starting service [Tomcat]
2026-04-06T11:38:46.934+02:00  INFO 8008 --- [apijson] [main] o.apache.catalina.core.StandardEngine    : Starting Servlet engine: [Apache Tomcat/11.0.18]
2026-04-06T11:38:47.017+02:00  INFO 8008 --- [apijson] [main] b.w.c.s.WebApplicationContextInitializer : Root WebApplicationContext: initialization completed in 2624 ms
2026-04-06T11:38:47.276+02:00  INFO 8008 --- [apijson] [main] org.hibernate.orm.jpa                    : HHH008540: Processing PersistenceUnitInfo [name: default]
2026-04-06T11:38:47.381+02:00  INFO 8008 --- [apijson] [main] org.hibernate.orm.core                   : HHH000001: Hibernate ORM core version 7.2.7.Final
2026-04-06T11:38:48.185+02:00  INFO 8008 --- [apijson] [main] o.s.o.j.p.SpringPersistenceUnitInfo      : No LoadTimeWeaver setup: ignoring JPA class transformer
2026-04-06T11:38:48.235+02:00  INFO 8008 --- [apijson] [main] com.zaxxer.hikari.HikariDataSource       : HikariPool-1 - Starting...
2026-04-06T11:38:48.890+02:00  INFO 8008 --- [apijson] [main] com.zaxxer.hikari.pool.HikariPool        : HikariPool-1 - Added connection com.mysql.cj.jdbc.ConnectionImpl@5cbe72b9
2026-04-06T11:38:48.893+02:00  INFO 8008 --- [apijson] [main] com.zaxxer.hikari.HikariDataSource       : HikariPool-1 - Start completed.
2026-04-06T11:38:49.037+02:00  WARN 8008 --- [apijson] [main] org.hibernate.orm.deprecation            : HHH90000025: MySQLDialect does not need to be specified explicitly using 'hibernate.dialect' (remove the property setting and it will be selected by default)
2026-04-06T11:38:49.077+02:00  INFO 8008 --- [apijson] [main] org.hibernate.orm.connections.pooling    : HHH10001005: Database info:
	Database JDBC URL [jdbc:mysql://localhost:3306/apirest]
	Database driver: MySQL Connector/J
	Database dialect: MySQLDialect
	Database version: 8.0.45
	Default catalog/schema: apirest/undefined
	Autocommit mode: undefined/unknown
	Isolation level: REPEATABLE_READ [default REPEATABLE_READ]
	JDBC fetch size: none
	Pool: DataSourceConnectionProvider
	Minimum pool size: undefined/unknown
	Maximum pool size: undefined/unknown
2026-04-06T11:38:50.792+02:00  INFO 8008 --- [apijson] [main] org.hibernate.orm.core                   : HHH000489: No JTA platform available (set 'hibernate.transaction.jta.platform' to enable JTA platform integration)
2026-04-06T11:38:51.549+02:00  WARN 8008 --- [apijson] [main] o.h.t.s.i.ExceptionHandlerLoggedImpl     : GenerationTarget encountered exception accepting command : Error executing DDL "
    alter table config 
       modify column application_node varchar(255)" via JDBC [Cannot change column 'APPLICATION_NODE': used in a foreign key constraint 'FKen78ayfrm6vs2v60bk8h8esm8']

org.hibernate.tool.schema.spi.CommandAcceptanceException: Error executing DDL "
    alter table config 
       modify column application_node varchar(255)" via JDBC [Cannot change column 'APPLICATION_NODE': used in a foreign key constraint 'FKen78ayfrm6vs2v60bk8h8esm8']
	at org.hibernate.tool.schema.internal.exec.GenerationTargetToDatabase.accept(GenerationTargetToDatabase.java:81) ~[hibernate-core-7.2.7.Final.jar:7.2.7.Final]
	at org.hibernate.tool.schema.internal.AbstractSchemaMigrator.applySqlString(AbstractSchemaMigrator.java:566) ~[hibernate-core-7.2.7.Final.jar:7.2.7.Final]
	at org.hibernate.tool.schema.internal.AbstractSchemaMigrator.applySqlStrings(AbstractSchemaMigrator.java:506) ~[hibernate-core-7.2.7.Final.jar:7.2.7.Final]
	at org.hibernate.tool.schema.internal.AbstractSchemaMigrator.migrateTable(AbstractSchemaMigrator.java:324) ~[hibernate-core-7.2.7.Final.jar:7.2.7.Final]
	at org.hibernate.tool.schema.internal.GroupedSchemaMigratorImpl.performTablesMigration(GroupedSchemaMigratorImpl.java:84) ~[hibernate-core-7.2.7.Final.jar:7.2.7.Final]
	at org.hibernate.tool.schema.internal.AbstractSchemaMigrator.performMigration(AbstractSchemaMigrator.java:220) ~[hibernate-core-7.2.7.Final.jar:7.2.7.Final]
	at org.hibernate.tool.schema.internal.AbstractSchemaMigrator.doMigration(AbstractSchemaMigrator.java:96) ~[hibernate-core-7.2.7.Final.jar:7.2.7.Final]
	at org.hibernate.tool.schema.spi.SchemaManagementToolCoordinator.performDatabaseAction(SchemaManagementToolCoordinator.java:269) ~[hibernate-core-7.2.7.Final.jar:7.2.7.Final]
	at org.hibernate.tool.schema.spi.SchemaManagementToolCoordinator.lambda$process$1(SchemaManagementToolCoordinator.java:101) ~[hibernate-core-7.2.7.Final.jar:7.2.7.Final]
	at java.base/java.util.HashMap.forEach(HashMap.java:1429) ~[na:na]
	at org.hibernate.tool.schema.spi.SchemaManagementToolCoordinator.process(SchemaManagementToolCoordinator.java:100) ~[hibernate-core-7.2.7.Final.jar:7.2.7.Final]
	at org.hibernate.boot.internal.SessionFactoryObserverForSchemaExport.sessionFactoryCreated(SessionFactoryObserverForSchemaExport.java:35) ~[hibernate-core-7.2.7.Final.jar:7.2.7.Final]
	at org.hibernate.internal.SessionFactoryObserverChain.sessionFactoryCreated(SessionFactoryObserverChain.java:33) ~[hibernate-core-7.2.7.Final.jar:7.2.7.Final]
	at org.hibernate.internal.SessionFactoryImpl.<init>(SessionFactoryImpl.java:323) ~[hibernate-core-7.2.7.Final.jar:7.2.7.Final]
	at org.hibernate.internal.SessionFactoryRegistry.instantiateSessionFactory(SessionFactoryRegistry.java:64) ~[hibernate-core-7.2.7.Final.jar:7.2.7.Final]
	at org.hibernate.boot.internal.SessionFactoryBuilderImpl.build(SessionFactoryBuilderImpl.java:437) ~[hibernate-core-7.2.7.Final.jar:7.2.7.Final]
	at org.hibernate.jpa.boot.internal.EntityManagerFactoryBuilderImpl.build(EntityManagerFactoryBuilderImpl.java:1456) ~[hibernate-core-7.2.7.Final.jar:7.2.7.Final]
	at org.springframework.orm.jpa.vendor.SpringHibernateJpaPersistenceProvider.createContainerEntityManagerFactory(SpringHibernateJpaPersistenceProvider.java:93) ~[spring-orm-7.0.6.jar:7.0.6]
	at org.springframework.orm.jpa.LocalContainerEntityManagerFactoryBean.createNativeEntityManagerFactory(LocalContainerEntityManagerFactoryBean.java:443) ~[spring-orm-7.0.6.jar:7.0.6]
	at org.springframework.orm.jpa.AbstractEntityManagerFactoryBean.buildNativeEntityManagerFactory(AbstractEntityManagerFactoryBean.java:436) ~[spring-orm-7.0.6.jar:7.0.6]
	at org.springframework.orm.jpa.AbstractEntityManagerFactoryBean.afterPropertiesSet(AbstractEntityManagerFactoryBean.java:411) ~[spring-orm-7.0.6.jar:7.0.6]
	at org.springframework.orm.jpa.LocalContainerEntityManagerFactoryBean.afterPropertiesSet(LocalContainerEntityManagerFactoryBean.java:419) ~[spring-orm-7.0.6.jar:7.0.6]
	at org.springframework.beans.factory.support.AbstractAutowireCapableBeanFactory.invokeInitMethods(AbstractAutowireCapableBeanFactory.java:1864) ~[spring-beans-7.0.6.jar:7.0.6]
	at org.springframework.beans.factory.support.AbstractAutowireCapableBeanFactory.initializeBean(AbstractAutowireCapableBeanFactory.java:1813) ~[spring-beans-7.0.6.jar:7.0.6]
	at org.springframework.beans.factory.support.AbstractAutowireCapableBeanFactory.doCreateBean(AbstractAutowireCapableBeanFactory.java:603) ~[spring-beans-7.0.6.jar:7.0.6]
	at org.springframework.beans.factory.support.AbstractAutowireCapableBeanFactory.createBean(AbstractAutowireCapableBeanFactory.java:525) ~[spring-beans-7.0.6.jar:7.0.6]
	at org.springframework.beans.factory.support.AbstractBeanFactory.lambda$doGetBean$0(AbstractBeanFactory.java:333) ~[spring-beans-7.0.6.jar:7.0.6]
	at org.springframework.beans.factory.support.DefaultSingletonBeanRegistry.getSingleton(DefaultSingletonBeanRegistry.java:371) ~[spring-beans-7.0.6.jar:7.0.6]
	at org.springframework.beans.factory.support.AbstractBeanFactory.doGetBean(AbstractBeanFactory.java:331) ~[spring-beans-7.0.6.jar:7.0.6]
	at org.springframework.beans.factory.support.AbstractBeanFactory.getBean(AbstractBeanFactory.java:201) ~[spring-beans-7.0.6.jar:7.0.6]
	at org.springframework.context.support.AbstractApplicationContext.finishBeanFactoryInitialization(AbstractApplicationContext.java:977) ~[spring-context-7.0.6.jar:7.0.6]
	at org.springframework.context.support.AbstractApplicationContext.refresh(AbstractApplicationContext.java:621) ~[spring-context-7.0.6.jar:7.0.6]
	at org.springframework.boot.web.server.servlet.context.ServletWebServerApplicationContext.refresh(ServletWebServerApplicationContext.java:143) ~[spring-boot-web-server-4.0.4.jar:4.0.4]
	at org.springframework.boot.SpringApplication.refresh(SpringApplication.java:756) ~[spring-boot-4.0.4.jar:4.0.4]
	at org.springframework.boot.SpringApplication.refreshContext(SpringApplication.java:445) ~[spring-boot-4.0.4.jar:4.0.4]
	at org.springframework.boot.SpringApplication.run(SpringApplication.java:321) ~[spring-boot-4.0.4.jar:4.0.4]
	at org.springframework.boot.SpringApplication.run(SpringApplication.java:1365) ~[spring-boot-4.0.4.jar:4.0.4]
	at org.springframework.boot.SpringApplication.run(SpringApplication.java:1354) ~[spring-boot-4.0.4.jar:4.0.4]
	at org.example.apijson.ApiJsonApplication.main(ApiJsonApplication.java:10) ~[classes/:na]
Caused by: java.sql.SQLException: Cannot change column 'APPLICATION_NODE': used in a foreign key constraint 'FKen78ayfrm6vs2v60bk8h8esm8'
	at com.mysql.cj.jdbc.exceptions.SQLError.createSQLException(SQLError.java:121) ~[mysql-connector-j-9.6.0.jar:9.6.0]
	at com.mysql.cj.jdbc.exceptions.SQLExceptionsMapping.translateException(SQLExceptionsMapping.java:114) ~[mysql-connector-j-9.6.0.jar:9.6.0]
	at com.mysql.cj.jdbc.StatementImpl.executeInternal(StatementImpl.java:839) ~[mysql-connector-j-9.6.0.jar:9.6.0]
	at com.mysql.cj.jdbc.StatementImpl.execute(StatementImpl.java:687) ~[mysql-connector-j-9.6.0.jar:9.6.0]
	at com.zaxxer.hikari.pool.ProxyStatement.execute(ProxyStatement.java:95) ~[HikariCP-7.0.2.jar:na]
	at com.zaxxer.hikari.pool.HikariProxyStatement.execute(HikariProxyStatement.java) ~[HikariCP-7.0.2.jar:na]
	at org.hibernate.tool.schema.internal.exec.GenerationTargetToDatabase.accept(GenerationTargetToDatabase.java:76) ~[hibernate-core-7.2.7.Final.jar:7.2.7.Final]
	... 38 common frames omitted

2026-04-06T11:38:51.623+02:00  WARN 8008 --- [apijson] [main] o.h.t.s.i.ExceptionHandlerLoggedImpl     : GenerationTarget encountered exception accepting command : Error executing DDL "
    alter table config 
       modify column version_lock bigint" via JDBC [Cannot add or update a child row: a foreign key constraint fails (`apirest`.`#sql-16bc_8a`, CONSTRAINT `FKen78ayfrm6vs2v60bk8h8esm8` FOREIGN KEY (`APPLICATION_NODE`) REFERENCES `application` (`ID`))]

org.hibernate.tool.schema.spi.CommandAcceptanceException: Error executing DDL "
    alter table config 
       modify column version_lock bigint" via JDBC [Cannot add or update a child row: a foreign key constraint fails (`apirest`.`#sql-16bc_8a`, CONSTRAINT `FKen78ayfrm6vs2v60bk8h8esm8` FOREIGN KEY (`APPLICATION_NODE`) REFERENCES `application` (`ID`))]
	at org.hibernate.tool.schema.internal.exec.GenerationTargetToDatabase.accept(GenerationTargetToDatabase.java:81) ~[hibernate-core-7.2.7.Final.jar:7.2.7.Final]
	at org.hibernate.tool.schema.internal.AbstractSchemaMigrator.applySqlString(AbstractSchemaMigrator.java:566) ~[hibernate-core-7.2.7.Final.jar:7.2.7.Final]
	at org.hibernate.tool.schema.internal.AbstractSchemaMigrator.applySqlStrings(AbstractSchemaMigrator.java:506) ~[hibernate-core-7.2.7.Final.jar:7.2.7.Final]
	at org.hibernate.tool.schema.internal.AbstractSchemaMigrator.migrateTable(AbstractSchemaMigrator.java:324) ~[hibernate-core-7.2.7.Final.jar:7.2.7.Final]
	at org.hibernate.tool.schema.internal.GroupedSchemaMigratorImpl.performTablesMigration(GroupedSchemaMigratorImpl.java:84) ~[hibernate-core-7.2.7.Final.jar:7.2.7.Final]
	at org.hibernate.tool.schema.internal.AbstractSchemaMigrator.performMigration(AbstractSchemaMigrator.java:220) ~[hibernate-core-7.2.7.Final.jar:7.2.7.Final]
	at org.hibernate.tool.schema.internal.AbstractSchemaMigrator.doMigration(AbstractSchemaMigrator.java:96) ~[hibernate-core-7.2.7.Final.jar:7.2.7.Final]
	at org.hibernate.tool.schema.spi.SchemaManagementToolCoordinator.performDatabaseAction(SchemaManagementToolCoordinator.java:269) ~[hibernate-core-7.2.7.Final.jar:7.2.7.Final]
	at org.hibernate.tool.schema.spi.SchemaManagementToolCoordinator.lambda$process$1(SchemaManagementToolCoordinator.java:101) ~[hibernate-core-7.2.7.Final.jar:7.2.7.Final]
	at java.base/java.util.HashMap.forEach(HashMap.java:1429) ~[na:na]
	at org.hibernate.tool.schema.spi.SchemaManagementToolCoordinator.process(SchemaManagementToolCoordinator.java:100) ~[hibernate-core-7.2.7.Final.jar:7.2.7.Final]
	at org.hibernate.boot.internal.SessionFactoryObserverForSchemaExport.sessionFactoryCreated(SessionFactoryObserverForSchemaExport.java:35) ~[hibernate-core-7.2.7.Final.jar:7.2.7.Final]
	at org.hibernate.internal.SessionFactoryObserverChain.sessionFactoryCreated(SessionFactoryObserverChain.java:33) ~[hibernate-core-7.2.7.Final.jar:7.2.7.Final]
	at org.hibernate.internal.SessionFactoryImpl.<init>(SessionFactoryImpl.java:323) ~[hibernate-core-7.2.7.Final.jar:7.2.7.Final]
	at org.hibernate.internal.SessionFactoryRegistry.instantiateSessionFactory(SessionFactoryRegistry.java:64) ~[hibernate-core-7.2.7.Final.jar:7.2.7.Final]
	at org.hibernate.boot.internal.SessionFactoryBuilderImpl.build(SessionFactoryBuilderImpl.java:437) ~[hibernate-core-7.2.7.Final.jar:7.2.7.Final]
	at org.hibernate.jpa.boot.internal.EntityManagerFactoryBuilderImpl.build(EntityManagerFactoryBuilderImpl.java:1456) ~[hibernate-core-7.2.7.Final.jar:7.2.7.Final]
	at org.springframework.orm.jpa.vendor.SpringHibernateJpaPersistenceProvider.createContainerEntityManagerFactory(SpringHibernateJpaPersistenceProvider.java:93) ~[spring-orm-7.0.6.jar:7.0.6]
	at org.springframework.orm.jpa.LocalContainerEntityManagerFactoryBean.createNativeEntityManagerFactory(LocalContainerEntityManagerFactoryBean.java:443) ~[spring-orm-7.0.6.jar:7.0.6]
	at org.springframework.orm.jpa.AbstractEntityManagerFactoryBean.buildNativeEntityManagerFactory(AbstractEntityManagerFactoryBean.java:436) ~[spring-orm-7.0.6.jar:7.0.6]
	at org.springframework.orm.jpa.AbstractEntityManagerFactoryBean.afterPropertiesSet(AbstractEntityManagerFactoryBean.java:411) ~[spring-orm-7.0.6.jar:7.0.6]
	at org.springframework.orm.jpa.LocalContainerEntityManagerFactoryBean.afterPropertiesSet(LocalContainerEntityManagerFactoryBean.java:419) ~[spring-orm-7.0.6.jar:7.0.6]
	at org.springframework.beans.factory.support.AbstractAutowireCapableBeanFactory.invokeInitMethods(AbstractAutowireCapableBeanFactory.java:1864) ~[spring-beans-7.0.6.jar:7.0.6]
	at org.springframework.beans.factory.support.AbstractAutowireCapableBeanFactory.initializeBean(AbstractAutowireCapableBeanFactory.java:1813) ~[spring-beans-7.0.6.jar:7.0.6]
	at org.springframework.beans.factory.support.AbstractAutowireCapableBeanFactory.doCreateBean(AbstractAutowireCapableBeanFactory.java:603) ~[spring-beans-7.0.6.jar:7.0.6]
	at org.springframework.beans.factory.support.AbstractAutowireCapableBeanFactory.createBean(AbstractAutowireCapableBeanFactory.java:525) ~[spring-beans-7.0.6.jar:7.0.6]
	at org.springframework.beans.factory.support.AbstractBeanFactory.lambda$doGetBean$0(AbstractBeanFactory.java:333) ~[spring-beans-7.0.6.jar:7.0.6]
	at org.springframework.beans.factory.support.DefaultSingletonBeanRegistry.getSingleton(DefaultSingletonBeanRegistry.java:371) ~[spring-beans-7.0.6.jar:7.0.6]
	at org.springframework.beans.factory.support.AbstractBeanFactory.doGetBean(AbstractBeanFactory.java:331) ~[spring-beans-7.0.6.jar:7.0.6]
	at org.springframework.beans.factory.support.AbstractBeanFactory.getBean(AbstractBeanFactory.java:201) ~[spring-beans-7.0.6.jar:7.0.6]
	at org.springframework.context.support.AbstractApplicationContext.finishBeanFactoryInitialization(AbstractApplicationContext.java:977) ~[spring-context-7.0.6.jar:7.0.6]
	at org.springframework.context.support.AbstractApplicationContext.refresh(AbstractApplicationContext.java:621) ~[spring-context-7.0.6.jar:7.0.6]
	at org.springframework.boot.web.server.servlet.context.ServletWebServerApplicationContext.refresh(ServletWebServerApplicationContext.java:143) ~[spring-boot-web-server-4.0.4.jar:4.0.4]
	at org.springframework.boot.SpringApplication.refresh(SpringApplication.java:756) ~[spring-boot-4.0.4.jar:4.0.4]
	at org.springframework.boot.SpringApplication.refreshContext(SpringApplication.java:445) ~[spring-boot-4.0.4.jar:4.0.4]
	at org.springframework.boot.SpringApplication.run(SpringApplication.java:321) ~[spring-boot-4.0.4.jar:4.0.4]
	at org.springframework.boot.SpringApplication.run(SpringApplication.java:1365) ~[spring-boot-4.0.4.jar:4.0.4]
	at org.springframework.boot.SpringApplication.run(SpringApplication.java:1354) ~[spring-boot-4.0.4.jar:4.0.4]
	at org.example.apijson.ApiJsonApplication.main(ApiJsonApplication.java:10) ~[classes/:na]
Caused by: java.sql.SQLIntegrityConstraintViolationException: Cannot add or update a child row: a foreign key constraint fails (`apirest`.`#sql-16bc_8a`, CONSTRAINT `FKen78ayfrm6vs2v60bk8h8esm8` FOREIGN KEY (`APPLICATION_NODE`) REFERENCES `application` (`ID`))
	at com.mysql.cj.jdbc.exceptions.SQLError.createSQLException(SQLError.java:109) ~[mysql-connector-j-9.6.0.jar:9.6.0]
	at com.mysql.cj.jdbc.exceptions.SQLExceptionsMapping.translateException(SQLExceptionsMapping.java:114) ~[mysql-connector-j-9.6.0.jar:9.6.0]
	at com.mysql.cj.jdbc.StatementImpl.executeInternal(StatementImpl.java:839) ~[mysql-connector-j-9.6.0.jar:9.6.0]
	at com.mysql.cj.jdbc.StatementImpl.execute(StatementImpl.java:687) ~[mysql-connector-j-9.6.0.jar:9.6.0]
	at com.zaxxer.hikari.pool.ProxyStatement.execute(ProxyStatement.java:95) ~[HikariCP-7.0.2.jar:na]
	at com.zaxxer.hikari.pool.HikariProxyStatement.execute(HikariProxyStatement.java) ~[HikariCP-7.0.2.jar:na]
	at org.hibernate.tool.schema.internal.exec.GenerationTargetToDatabase.accept(GenerationTargetToDatabase.java:76) ~[hibernate-core-7.2.7.Final.jar:7.2.7.Final]
	... 38 common frames omitted

2026-04-06T11:38:51.668+02:00  INFO 8008 --- [apijson] [main] j.LocalContainerEntityManagerFactoryBean : Initialized JPA EntityManagerFactory for persistence unit 'default'
2026-04-06T11:38:51.840+02:00  INFO 8008 --- [apijson] [main] o.s.d.j.r.query.QueryEnhancerFactories   : Hibernate is in classpath; If applicable, HQL parser will be used.
2026-04-06T11:38:53.343+02:00  INFO 8008 --- [apijson] [main] o.s.boot.tomcat.TomcatWebServer          : Tomcat started on port 8080 (http) with context path '/'
2026-04-06T11:38:53.353+02:00  INFO 8008 --- [apijson] [main] org.example.apijson.ApiJsonApplication   : Started ApiJsonApplication in 9.86 seconds (process running for 11.285)
2026-04-06T11:39:00.577+02:00  INFO 8008 --- [apijson] [http-nio-8080-exec-1] o.a.c.c.C.[Tomcat].[localhost].[/]       : Initializing Spring DispatcherServlet 'dispatcherServlet'
2026-04-06T11:39:00.578+02:00  INFO 8008 --- [apijson] [http-nio-8080-exec-1] o.s.web.servlet.DispatcherServlet        : Initializing Servlet 'dispatcherServlet'
2026-04-06T11:39:00.580+02:00  INFO 8008 --- [apijson] [http-nio-8080-exec-1] o.s.web.servlet.DispatcherServlet        : Completed initialization in 2 ms
2026-04-06T11:39:01.706+02:00  INFO 8008 --- [apijson] [http-nio-8080-exec-4] o.springdoc.api.AbstractOpenApiResource  : Init duration for springdoc-openapi is: 644 ms
2026-04-06T11:40:18.981+02:00  INFO 8008 --- [apijson] [http-nio-8080-exec-8] o.e.a.Servicio.DeserializarService       : validación exitosa para el atributo 'indicators'
2026-04-06T11:41:12.125+02:00  INFO 8008 --- [apijson] [http-nio-8080-exec-10] o.e.a.Servicio.DeserializarService       : validación exitosa para el atributo 'indicators'
2026-04-06T11:41:45.126+02:00  INFO 8008 --- [apijson] [SpringApplicationShutdownHook] o.s.boot.tomcat.GracefulShutdown         : Commencing graceful shutdown. Waiting for active requests to complete
2026-04-06T11:41:45.140+02:00  INFO 8008 --- [apijson] [tomcat-shutdown] o.s.boot.tomcat.GracefulShutdown         : Graceful shutdown complete
2026-04-06T11:41:45.142+02:00  INFO 8008 --- [apijson] [SpringApplicationShutdownHook] j.LocalContainerEntityManagerFactoryBean : Closing JPA EntityManagerFactory for persistence unit 'default'
2026-04-06T11:41:45.151+02:00  INFO 8008 --- [apijson] [SpringApplicationShutdownHook] com.zaxxer.hikari.HikariDataSource       : HikariPool-1 - Shutdown initiated...
2026-04-06T11:41:45.158+02:00  INFO 8008 --- [apijson] [SpringApplicationShutdownHook] com.zaxxer.hikari.HikariDataSource       : HikariPool-1 - Shutdown completed.
2026-04-06T11:42:07.570+02:00  INFO 13212 --- [apijson] [main] org.example.apijson.ApiJsonApplication   : Starting ApiJsonApplication using Java 21.0.10 with PID 13212 (C:\Users\gvega\IdeaProjects\ApiJson\target\classes started by gvega in C:\Users\gvega\IdeaProjects\ApiJson)
2026-04-06T11:42:07.575+02:00  INFO 13212 --- [apijson] [main] org.example.apijson.ApiJsonApplication   : No active profile set, falling back to 1 default profile: "default"
2026-04-06T11:42:08.703+02:00  INFO 13212 --- [apijson] [main] .s.d.r.c.RepositoryConfigurationDelegate : Bootstrapping Spring Data JPA repositories in DEFAULT mode.
2026-04-06T11:42:08.808+02:00  INFO 13212 --- [apijson] [main] .s.d.r.c.RepositoryConfigurationDelegate : Finished Spring Data repository scanning in 88 ms. Found 4 JPA repository interfaces.
2026-04-06T11:42:09.625+02:00  INFO 13212 --- [apijson] [main] o.s.boot.tomcat.TomcatWebServer          : Tomcat initialized with port 8080 (http)
2026-04-06T11:42:09.643+02:00  INFO 13212 --- [apijson] [main] o.apache.catalina.core.StandardService   : Starting service [Tomcat]
2026-04-06T11:42:09.643+02:00  INFO 13212 --- [apijson] [main] o.apache.catalina.core.StandardEngine    : Starting Servlet engine: [Apache Tomcat/11.0.18]
2026-04-06T11:42:09.727+02:00  INFO 13212 --- [apijson] [main] b.w.c.s.WebApplicationContextInitializer : Root WebApplicationContext: initialization completed in 2071 ms
2026-04-06T11:42:09.984+02:00  INFO 13212 --- [apijson] [main] org.hibernate.orm.jpa                    : HHH008540: Processing PersistenceUnitInfo [name: default]
2026-04-06T11:42:10.065+02:00  INFO 13212 --- [apijson] [main] org.hibernate.orm.core                   : HHH000001: Hibernate ORM core version 7.2.7.Final
2026-04-06T11:42:10.861+02:00  INFO 13212 --- [apijson] [main] o.s.o.j.p.SpringPersistenceUnitInfo      : No LoadTimeWeaver setup: ignoring JPA class transformer
2026-04-06T11:42:10.907+02:00  INFO 13212 --- [apijson] [main] com.zaxxer.hikari.HikariDataSource       : HikariPool-1 - Starting...
2026-04-06T11:42:11.404+02:00  INFO 13212 --- [apijson] [main] com.zaxxer.hikari.pool.HikariPool        : HikariPool-1 - Added connection com.mysql.cj.jdbc.ConnectionImpl@fefb66c
2026-04-06T11:42:11.407+02:00  INFO 13212 --- [apijson] [main] com.zaxxer.hikari.HikariDataSource       : HikariPool-1 - Start completed.
2026-04-06T11:42:11.484+02:00  WARN 13212 --- [apijson] [main] org.hibernate.orm.deprecation            : HHH90000025: MySQLDialect does not need to be specified explicitly using 'hibernate.dialect' (remove the property setting and it will be selected by default)
2026-04-06T11:42:11.509+02:00  INFO 13212 --- [apijson] [main] org.hibernate.orm.connections.pooling    : HHH10001005: Database info:
	Database JDBC URL [jdbc:mysql://localhost:3306/apirest]
	Database driver: MySQL Connector/J
	Database dialect: MySQLDialect
	Database version: 8.0.45
	Default catalog/schema: apirest/undefined
	Autocommit mode: undefined/unknown
	Isolation level: REPEATABLE_READ [default REPEATABLE_READ]
	JDBC fetch size: none
	Pool: DataSourceConnectionProvider
	Minimum pool size: undefined/unknown
	Maximum pool size: undefined/unknown
2026-04-06T11:42:12.928+02:00  INFO 13212 --- [apijson] [main] org.hibernate.orm.core                   : HHH000489: No JTA platform available (set 'hibernate.transaction.jta.platform' to enable JTA platform integration)
2026-04-06T11:42:13.598+02:00  INFO 13212 --- [apijson] [main] j.LocalContainerEntityManagerFactoryBean : Initialized JPA EntityManagerFactory for persistence unit 'default'
2026-04-06T11:42:13.706+02:00  INFO 13212 --- [apijson] [main] o.s.d.j.r.query.QueryEnhancerFactories   : Hibernate is in classpath; If applicable, HQL parser will be used.
2026-04-06T11:42:15.045+02:00  INFO 13212 --- [apijson] [main] o.s.boot.tomcat.TomcatWebServer          : Tomcat started on port 8080 (http) with context path '/'
2026-04-06T11:42:15.057+02:00  INFO 13212 --- [apijson] [main] org.example.apijson.ApiJsonApplication   : Started ApiJsonApplication in 8.328 seconds (process running for 9.565)
2026-04-06T11:42:41.501+02:00  INFO 13212 --- [apijson] [SpringApplicationShutdownHook] o.s.boot.tomcat.GracefulShutdown         : Commencing graceful shutdown. Waiting for active requests to complete
2026-04-06T11:42:41.514+02:00  INFO 13212 --- [apijson] [tomcat-shutdown] o.s.boot.tomcat.GracefulShutdown         : Graceful shutdown complete
2026-04-06T11:42:41.519+02:00  INFO 13212 --- [apijson] [SpringApplicationShutdownHook] j.LocalContainerEntityManagerFactoryBean : Closing JPA EntityManagerFactory for persistence unit 'default'
2026-04-06T11:42:41.522+02:00  INFO 13212 --- [apijson] [SpringApplicationShutdownHook] com.zaxxer.hikari.HikariDataSource       : HikariPool-1 - Shutdown initiated...
2026-04-06T11:42:41.531+02:00  INFO 13212 --- [apijson] [SpringApplicationShutdownHook] com.zaxxer.hikari.HikariDataSource       : HikariPool-1 - Shutdown completed.
2026-04-06T11:42:59.996+02:00  INFO 14628 --- [apijson] [main] org.example.apijson.ApiJsonApplication   : Starting ApiJsonApplication using Java 21.0.10 with PID 14628 (C:\Users\gvega\IdeaProjects\ApiJson\target\classes started by gvega in C:\Users\gvega\IdeaProjects\ApiJson)
2026-04-06T11:43:00.001+02:00  INFO 14628 --- [apijson] [main] org.example.apijson.ApiJsonApplication   : No active profile set, falling back to 1 default profile: "default"
2026-04-06T11:43:01.141+02:00  INFO 14628 --- [apijson] [main] .s.d.r.c.RepositoryConfigurationDelegate : Bootstrapping Spring Data JPA repositories in DEFAULT mode.
2026-04-06T11:43:01.219+02:00  INFO 14628 --- [apijson] [main] .s.d.r.c.RepositoryConfigurationDelegate : Finished Spring Data repository scanning in 66 ms. Found 4 JPA repository interfaces.
2026-04-06T11:43:01.796+02:00  INFO 14628 --- [apijson] [main] o.s.boot.tomcat.TomcatWebServer          : Tomcat initialized with port 8080 (http)
2026-04-06T11:43:01.814+02:00  INFO 14628 --- [apijson] [main] o.apache.catalina.core.StandardService   : Starting service [Tomcat]
2026-04-06T11:43:01.814+02:00  INFO 14628 --- [apijson] [main] o.apache.catalina.core.StandardEngine    : Starting Servlet engine: [Apache Tomcat/11.0.18]
2026-04-06T11:43:01.887+02:00  INFO 14628 --- [apijson] [main] b.w.c.s.WebApplicationContextInitializer : Root WebApplicationContext: initialization completed in 1820 ms
2026-04-06T11:43:02.104+02:00  INFO 14628 --- [apijson] [main] org.hibernate.orm.jpa                    : HHH008540: Processing PersistenceUnitInfo [name: default]
2026-04-06T11:43:02.168+02:00  INFO 14628 --- [apijson] [main] org.hibernate.orm.core                   : HHH000001: Hibernate ORM core version 7.2.7.Final
2026-04-06T11:43:02.755+02:00  INFO 14628 --- [apijson] [main] o.s.o.j.p.SpringPersistenceUnitInfo      : No LoadTimeWeaver setup: ignoring JPA class transformer
2026-04-06T11:43:02.793+02:00  INFO 14628 --- [apijson] [main] com.zaxxer.hikari.HikariDataSource       : HikariPool-1 - Starting...
2026-04-06T11:43:03.192+02:00  INFO 14628 --- [apijson] [main] com.zaxxer.hikari.pool.HikariPool        : HikariPool-1 - Added connection com.mysql.cj.jdbc.ConnectionImpl@fefb66c
2026-04-06T11:43:03.194+02:00  INFO 14628 --- [apijson] [main] com.zaxxer.hikari.HikariDataSource       : HikariPool-1 - Start completed.
2026-04-06T11:43:03.258+02:00  WARN 14628 --- [apijson] [main] org.hibernate.orm.deprecation            : HHH90000025: MySQLDialect does not need to be specified explicitly using 'hibernate.dialect' (remove the property setting and it will be selected by default)
2026-04-06T11:43:03.281+02:00  INFO 14628 --- [apijson] [main] org.hibernate.orm.connections.pooling    : HHH10001005: Database info:
	Database JDBC URL [jdbc:mysql://localhost:3306/apirest]
	Database driver: MySQL Connector/J
	Database dialect: MySQLDialect
	Database version: 8.0.45
	Default catalog/schema: apirest/undefined
	Autocommit mode: undefined/unknown
	Isolation level: REPEATABLE_READ [default REPEATABLE_READ]
	JDBC fetch size: none
	Pool: DataSourceConnectionProvider
	Minimum pool size: undefined/unknown
	Maximum pool size: undefined/unknown
2026-04-06T11:43:04.526+02:00  INFO 14628 --- [apijson] [main] org.hibernate.orm.core                   : HHH000489: No JTA platform available (set 'hibernate.transaction.jta.platform' to enable JTA platform integration)
2026-04-06T11:43:05.167+02:00  INFO 14628 --- [apijson] [main] j.LocalContainerEntityManagerFactoryBean : Initialized JPA EntityManagerFactory for persistence unit 'default'
2026-04-06T11:43:05.289+02:00  INFO 14628 --- [apijson] [main] o.s.d.j.r.query.QueryEnhancerFactories   : Hibernate is in classpath; If applicable, HQL parser will be used.
2026-04-06T11:43:06.401+02:00  INFO 14628 --- [apijson] [main] o.s.boot.tomcat.TomcatWebServer          : Tomcat started on port 8080 (http) with context path '/'
2026-04-06T11:43:06.409+02:00  INFO 14628 --- [apijson] [main] org.example.apijson.ApiJsonApplication   : Started ApiJsonApplication in 7.145 seconds (process running for 8.245)
2026-04-06T11:43:22.462+02:00  INFO 14628 --- [apijson] [http-nio-8080-exec-1] o.a.c.c.C.[Tomcat].[localhost].[/]       : Initializing Spring DispatcherServlet 'dispatcherServlet'
2026-04-06T11:43:22.462+02:00  INFO 14628 --- [apijson] [http-nio-8080-exec-1] o.s.web.servlet.DispatcherServlet        : Initializing Servlet 'dispatcherServlet'
2026-04-06T11:43:22.465+02:00  INFO 14628 --- [apijson] [http-nio-8080-exec-1] o.s.web.servlet.DispatcherServlet        : Completed initialization in 3 ms
2026-04-06T11:43:23.370+02:00  INFO 14628 --- [apijson] [http-nio-8080-exec-3] o.springdoc.api.AbstractOpenApiResource  : Init duration for springdoc-openapi is: 605 ms
2026-04-06T12:24:56.525+02:00  INFO 14628 --- [apijson] [SpringApplicationShutdownHook] o.s.boot.tomcat.GracefulShutdown         : Commencing graceful shutdown. Waiting for active requests to complete
2026-04-06T12:24:56.569+02:00  INFO 14628 --- [apijson] [tomcat-shutdown] o.s.boot.tomcat.GracefulShutdown         : Graceful shutdown complete
2026-04-06T12:24:56.807+02:00  INFO 14628 --- [apijson] [SpringApplicationShutdownHook] j.LocalContainerEntityManagerFactoryBean : Closing JPA EntityManagerFactory for persistence unit 'default'
2026-04-06T12:24:56.877+02:00  INFO 14628 --- [apijson] [SpringApplicationShutdownHook] com.zaxxer.hikari.HikariDataSource       : HikariPool-1 - Shutdown initiated...
2026-04-06T12:24:56.898+02:00  INFO 14628 --- [apijson] [SpringApplicationShutdownHook] com.zaxxer.hikari.HikariDataSource       : HikariPool-1 - Shutdown completed.
2026-04-06T12:25:42.965+02:00  INFO 14096 --- [apijson] [main] org.example.apijson.ApiJsonApplication   : Starting ApiJsonApplication using Java 21.0.10 with PID 14096 (C:\Users\gvega\IdeaProjects\ApiJson\target\classes started by gvega in C:\Users\gvega\IdeaProjects\ApiJson)
2026-04-06T12:25:42.970+02:00  INFO 14096 --- [apijson] [main] org.example.apijson.ApiJsonApplication   : No active profile set, falling back to 1 default profile: "default"
2026-04-06T12:25:44.349+02:00  INFO 14096 --- [apijson] [main] .s.d.r.c.RepositoryConfigurationDelegate : Bootstrapping Spring Data JPA repositories in DEFAULT mode.
2026-04-06T12:25:44.440+02:00  INFO 14096 --- [apijson] [main] .s.d.r.c.RepositoryConfigurationDelegate : Finished Spring Data repository scanning in 74 ms. Found 4 JPA repository interfaces.
2026-04-06T12:25:45.160+02:00  INFO 14096 --- [apijson] [main] o.s.boot.tomcat.TomcatWebServer          : Tomcat initialized with port 8080 (http)
2026-04-06T12:25:45.183+02:00  INFO 14096 --- [apijson] [main] o.apache.catalina.core.StandardService   : Starting service [Tomcat]
2026-04-06T12:25:45.184+02:00  INFO 14096 --- [apijson] [main] o.apache.catalina.core.StandardEngine    : Starting Servlet engine: [Apache Tomcat/11.0.18]
2026-04-06T12:25:45.279+02:00  INFO 14096 --- [apijson] [main] b.w.c.s.WebApplicationContextInitializer : Root WebApplicationContext: initialization completed in 2235 ms
2026-04-06T12:25:45.539+02:00  INFO 14096 --- [apijson] [main] org.hibernate.orm.jpa                    : HHH008540: Processing PersistenceUnitInfo [name: default]
2026-04-06T12:25:45.627+02:00  INFO 14096 --- [apijson] [main] org.hibernate.orm.core                   : HHH000001: Hibernate ORM core version 7.2.7.Final
2026-04-06T12:25:46.303+02:00  INFO 14096 --- [apijson] [main] o.s.o.j.p.SpringPersistenceUnitInfo      : No LoadTimeWeaver setup: ignoring JPA class transformer
2026-04-06T12:25:46.352+02:00  INFO 14096 --- [apijson] [main] com.zaxxer.hikari.HikariDataSource       : HikariPool-1 - Starting...
2026-04-06T12:25:46.890+02:00  INFO 14096 --- [apijson] [main] com.zaxxer.hikari.pool.HikariPool        : HikariPool-1 - Added connection com.mysql.cj.jdbc.ConnectionImpl@5d0e703a
2026-04-06T12:25:46.892+02:00  INFO 14096 --- [apijson] [main] com.zaxxer.hikari.HikariDataSource       : HikariPool-1 - Start completed.
2026-04-06T12:25:46.978+02:00  WARN 14096 --- [apijson] [main] org.hibernate.orm.deprecation            : HHH90000025: MySQLDialect does not need to be specified explicitly using 'hibernate.dialect' (remove the property setting and it will be selected by default)
2026-04-06T12:25:47.004+02:00  INFO 14096 --- [apijson] [main] org.hibernate.orm.connections.pooling    : HHH10001005: Database info:
	Database JDBC URL [jdbc:mysql://localhost:3306/apirest]
	Database driver: MySQL Connector/J
	Database dialect: MySQLDialect
	Database version: 8.0.45
	Default catalog/schema: apirest/undefined
	Autocommit mode: undefined/unknown
	Isolation level: REPEATABLE_READ [default REPEATABLE_READ]
	JDBC fetch size: none
	Pool: DataSourceConnectionProvider
	Minimum pool size: undefined/unknown
	Maximum pool size: undefined/unknown
2026-04-06T12:25:48.365+02:00  INFO 14096 --- [apijson] [main] org.hibernate.orm.core                   : HHH000489: No JTA platform available (set 'hibernate.transaction.jta.platform' to enable JTA platform integration)
2026-04-06T12:25:49.085+02:00  INFO 14096 --- [apijson] [main] j.LocalContainerEntityManagerFactoryBean : Initialized JPA EntityManagerFactory for persistence unit 'default'
2026-04-06T12:25:49.203+02:00  INFO 14096 --- [apijson] [main] o.s.d.j.r.query.QueryEnhancerFactories   : Hibernate is in classpath; If applicable, HQL parser will be used.
2026-04-06T12:25:50.433+02:00  INFO 14096 --- [apijson] [main] o.s.boot.tomcat.TomcatWebServer          : Tomcat started on port 8080 (http) with context path '/'
2026-04-06T12:25:50.441+02:00  INFO 14096 --- [apijson] [main] org.example.apijson.ApiJsonApplication   : Started ApiJsonApplication in 8.347 seconds (process running for 9.685)
2026-04-06T12:26:36.987+02:00  INFO 14096 --- [apijson] [http-nio-8080-exec-1] o.a.c.c.C.[Tomcat].[localhost].[/]       : Initializing Spring DispatcherServlet 'dispatcherServlet'
2026-04-06T12:26:36.987+02:00  INFO 14096 --- [apijson] [http-nio-8080-exec-1] o.s.web.servlet.DispatcherServlet        : Initializing Servlet 'dispatcherServlet'
2026-04-06T12:26:36.989+02:00  INFO 14096 --- [apijson] [http-nio-8080-exec-1] o.s.web.servlet.DispatcherServlet        : Completed initialization in 2 ms
2026-04-06T12:26:37.926+02:00  INFO 14096 --- [apijson] [http-nio-8080-exec-4] o.springdoc.api.AbstractOpenApiResource  : Init duration for springdoc-openapi is: 627 ms
2026-04-06T12:37:11.101+02:00  INFO 14096 --- [apijson] [SpringApplicationShutdownHook] o.s.boot.tomcat.GracefulShutdown         : Commencing graceful shutdown. Waiting for active requests to complete
2026-04-06T12:37:11.128+02:00  INFO 14096 --- [apijson] [tomcat-shutdown] o.s.boot.tomcat.GracefulShutdown         : Graceful shutdown complete
2026-04-06T12:37:11.150+02:00  INFO 14096 --- [apijson] [SpringApplicationShutdownHook] j.LocalContainerEntityManagerFactoryBean : Closing JPA EntityManagerFactory for persistence unit 'default'
2026-04-06T12:37:11.169+02:00  INFO 14096 --- [apijson] [SpringApplicationShutdownHook] com.zaxxer.hikari.HikariDataSource       : HikariPool-1 - Shutdown initiated...
2026-04-06T12:37:11.198+02:00  INFO 14096 --- [apijson] [SpringApplicationShutdownHook] com.zaxxer.hikari.HikariDataSource       : HikariPool-1 - Shutdown completed.
2026-04-06T12:37:18.353+02:00  INFO 4428 --- [apijson] [main] org.example.apijson.ApiJsonApplication   : Starting ApiJsonApplication using Java 21.0.10 with PID 4428 (C:\Users\gvega\IdeaProjects\ApiJson\target\classes started by gvega in C:\Users\gvega\IdeaProjects\ApiJson)
2026-04-06T12:37:18.361+02:00  INFO 4428 --- [apijson] [main] org.example.apijson.ApiJsonApplication   : No active profile set, falling back to 1 default profile: "default"
2026-04-06T12:37:19.763+02:00  INFO 4428 --- [apijson] [main] .s.d.r.c.RepositoryConfigurationDelegate : Bootstrapping Spring Data JPA repositories in DEFAULT mode.
2026-04-06T12:37:19.843+02:00  INFO 4428 --- [apijson] [main] .s.d.r.c.RepositoryConfigurationDelegate : Finished Spring Data repository scanning in 68 ms. Found 4 JPA repository interfaces.
2026-04-06T12:37:20.482+02:00  INFO 4428 --- [apijson] [main] o.s.boot.tomcat.TomcatWebServer          : Tomcat initialized with port 8080 (http)
2026-04-06T12:37:20.499+02:00  INFO 4428 --- [apijson] [main] o.apache.catalina.core.StandardService   : Starting service [Tomcat]
2026-04-06T12:37:20.500+02:00  INFO 4428 --- [apijson] [main] o.apache.catalina.core.StandardEngine    : Starting Servlet engine: [Apache Tomcat/11.0.18]
2026-04-06T12:37:20.577+02:00  INFO 4428 --- [apijson] [main] b.w.c.s.WebApplicationContextInitializer : Root WebApplicationContext: initialization completed in 2096 ms
2026-04-06T12:37:20.840+02:00  INFO 4428 --- [apijson] [main] org.hibernate.orm.jpa                    : HHH008540: Processing PersistenceUnitInfo [name: default]
2026-04-06T12:37:20.938+02:00  INFO 4428 --- [apijson] [main] org.hibernate.orm.core                   : HHH000001: Hibernate ORM core version 7.2.7.Final
2026-04-06T12:37:21.858+02:00  INFO 4428 --- [apijson] [main] o.s.o.j.p.SpringPersistenceUnitInfo      : No LoadTimeWeaver setup: ignoring JPA class transformer
2026-04-06T12:37:21.930+02:00  INFO 4428 --- [apijson] [main] com.zaxxer.hikari.HikariDataSource       : HikariPool-1 - Starting...
2026-04-06T12:37:22.515+02:00  INFO 4428 --- [apijson] [main] com.zaxxer.hikari.pool.HikariPool        : HikariPool-1 - Added connection com.mysql.cj.jdbc.ConnectionImpl@7ec5aad
2026-04-06T12:37:22.517+02:00  INFO 4428 --- [apijson] [main] com.zaxxer.hikari.HikariDataSource       : HikariPool-1 - Start completed.
2026-04-06T12:37:22.606+02:00  WARN 4428 --- [apijson] [main] org.hibernate.orm.deprecation            : HHH90000025: MySQLDialect does not need to be specified explicitly using 'hibernate.dialect' (remove the property setting and it will be selected by default)
2026-04-06T12:37:22.638+02:00  INFO 4428 --- [apijson] [main] org.hibernate.orm.connections.pooling    : HHH10001005: Database info:
	Database JDBC URL [jdbc:mysql://localhost:3306/apirest]
	Database driver: MySQL Connector/J
	Database dialect: MySQLDialect
	Database version: 8.0.45
	Default catalog/schema: apirest/undefined
	Autocommit mode: undefined/unknown
	Isolation level: REPEATABLE_READ [default REPEATABLE_READ]
	JDBC fetch size: none
	Pool: DataSourceConnectionProvider
	Minimum pool size: undefined/unknown
	Maximum pool size: undefined/unknown
2026-04-06T12:37:24.071+02:00  INFO 4428 --- [apijson] [main] org.hibernate.orm.core                   : HHH000489: No JTA platform available (set 'hibernate.transaction.jta.platform' to enable JTA platform integration)
2026-04-06T12:37:24.577+02:00  WARN 4428 --- [apijson] [main] o.h.t.s.i.ExceptionHandlerLoggedImpl     : GenerationTarget encountered exception accepting command : Error executing DDL "
    alter table config 
       modify column application_node varchar(255)" via JDBC [Cannot change column 'APPLICATION_NODE': used in a foreign key constraint 'FKen78ayfrm6vs2v60bk8h8esm8']

org.hibernate.tool.schema.spi.CommandAcceptanceException: Error executing DDL "
    alter table config 
       modify column application_node varchar(255)" via JDBC [Cannot change column 'APPLICATION_NODE': used in a foreign key constraint 'FKen78ayfrm6vs2v60bk8h8esm8']
	at org.hibernate.tool.schema.internal.exec.GenerationTargetToDatabase.accept(GenerationTargetToDatabase.java:81) ~[hibernate-core-7.2.7.Final.jar:7.2.7.Final]
	at org.hibernate.tool.schema.internal.AbstractSchemaMigrator.applySqlString(AbstractSchemaMigrator.java:566) ~[hibernate-core-7.2.7.Final.jar:7.2.7.Final]
	at org.hibernate.tool.schema.internal.AbstractSchemaMigrator.applySqlStrings(AbstractSchemaMigrator.java:506) ~[hibernate-core-7.2.7.Final.jar:7.2.7.Final]
	at org.hibernate.tool.schema.internal.AbstractSchemaMigrator.migrateTable(AbstractSchemaMigrator.java:324) ~[hibernate-core-7.2.7.Final.jar:7.2.7.Final]
	at org.hibernate.tool.schema.internal.GroupedSchemaMigratorImpl.performTablesMigration(GroupedSchemaMigratorImpl.java:84) ~[hibernate-core-7.2.7.Final.jar:7.2.7.Final]
	at org.hibernate.tool.schema.internal.AbstractSchemaMigrator.performMigration(AbstractSchemaMigrator.java:220) ~[hibernate-core-7.2.7.Final.jar:7.2.7.Final]
	at org.hibernate.tool.schema.internal.AbstractSchemaMigrator.doMigration(AbstractSchemaMigrator.java:96) ~[hibernate-core-7.2.7.Final.jar:7.2.7.Final]
	at org.hibernate.tool.schema.spi.SchemaManagementToolCoordinator.performDatabaseAction(SchemaManagementToolCoordinator.java:269) ~[hibernate-core-7.2.7.Final.jar:7.2.7.Final]
	at org.hibernate.tool.schema.spi.SchemaManagementToolCoordinator.lambda$process$1(SchemaManagementToolCoordinator.java:101) ~[hibernate-core-7.2.7.Final.jar:7.2.7.Final]
	at java.base/java.util.HashMap.forEach(HashMap.java:1429) ~[na:na]
	at org.hibernate.tool.schema.spi.SchemaManagementToolCoordinator.process(SchemaManagementToolCoordinator.java:100) ~[hibernate-core-7.2.7.Final.jar:7.2.7.Final]
	at org.hibernate.boot.internal.SessionFactoryObserverForSchemaExport.sessionFactoryCreated(SessionFactoryObserverForSchemaExport.java:35) ~[hibernate-core-7.2.7.Final.jar:7.2.7.Final]
	at org.hibernate.internal.SessionFactoryObserverChain.sessionFactoryCreated(SessionFactoryObserverChain.java:33) ~[hibernate-core-7.2.7.Final.jar:7.2.7.Final]
	at org.hibernate.internal.SessionFactoryImpl.<init>(SessionFactoryImpl.java:323) ~[hibernate-core-7.2.7.Final.jar:7.2.7.Final]
	at org.hibernate.internal.SessionFactoryRegistry.instantiateSessionFactory(SessionFactoryRegistry.java:64) ~[hibernate-core-7.2.7.Final.jar:7.2.7.Final]
	at org.hibernate.boot.internal.SessionFactoryBuilderImpl.build(SessionFactoryBuilderImpl.java:437) ~[hibernate-core-7.2.7.Final.jar:7.2.7.Final]
	at org.hibernate.jpa.boot.internal.EntityManagerFactoryBuilderImpl.build(EntityManagerFactoryBuilderImpl.java:1456) ~[hibernate-core-7.2.7.Final.jar:7.2.7.Final]
	at org.springframework.orm.jpa.vendor.SpringHibernateJpaPersistenceProvider.createContainerEntityManagerFactory(SpringHibernateJpaPersistenceProvider.java:93) ~[spring-orm-7.0.6.jar:7.0.6]
	at org.springframework.orm.jpa.LocalContainerEntityManagerFactoryBean.createNativeEntityManagerFactory(LocalContainerEntityManagerFactoryBean.java:443) ~[spring-orm-7.0.6.jar:7.0.6]
	at org.springframework.orm.jpa.AbstractEntityManagerFactoryBean.buildNativeEntityManagerFactory(AbstractEntityManagerFactoryBean.java:436) ~[spring-orm-7.0.6.jar:7.0.6]
	at org.springframework.orm.jpa.AbstractEntityManagerFactoryBean.afterPropertiesSet(AbstractEntityManagerFactoryBean.java:411) ~[spring-orm-7.0.6.jar:7.0.6]
	at org.springframework.orm.jpa.LocalContainerEntityManagerFactoryBean.afterPropertiesSet(LocalContainerEntityManagerFactoryBean.java:419) ~[spring-orm-7.0.6.jar:7.0.6]
	at org.springframework.beans.factory.support.AbstractAutowireCapableBeanFactory.invokeInitMethods(AbstractAutowireCapableBeanFactory.java:1864) ~[spring-beans-7.0.6.jar:7.0.6]
	at org.springframework.beans.factory.support.AbstractAutowireCapableBeanFactory.initializeBean(AbstractAutowireCapableBeanFactory.java:1813) ~[spring-beans-7.0.6.jar:7.0.6]
	at org.springframework.beans.factory.support.AbstractAutowireCapableBeanFactory.doCreateBean(AbstractAutowireCapableBeanFactory.java:603) ~[spring-beans-7.0.6.jar:7.0.6]
	at org.springframework.beans.factory.support.AbstractAutowireCapableBeanFactory.createBean(AbstractAutowireCapableBeanFactory.java:525) ~[spring-beans-7.0.6.jar:7.0.6]
	at org.springframework.beans.factory.support.AbstractBeanFactory.lambda$doGetBean$0(AbstractBeanFactory.java:333) ~[spring-beans-7.0.6.jar:7.0.6]
	at org.springframework.beans.factory.support.DefaultSingletonBeanRegistry.getSingleton(DefaultSingletonBeanRegistry.java:371) ~[spring-beans-7.0.6.jar:7.0.6]
	at org.springframework.beans.factory.support.AbstractBeanFactory.doGetBean(AbstractBeanFactory.java:331) ~[spring-beans-7.0.6.jar:7.0.6]
	at org.springframework.beans.factory.support.AbstractBeanFactory.getBean(AbstractBeanFactory.java:201) ~[spring-beans-7.0.6.jar:7.0.6]
	at org.springframework.context.support.AbstractApplicationContext.finishBeanFactoryInitialization(AbstractApplicationContext.java:977) ~[spring-context-7.0.6.jar:7.0.6]
	at org.springframework.context.support.AbstractApplicationContext.refresh(AbstractApplicationContext.java:621) ~[spring-context-7.0.6.jar:7.0.6]
	at org.springframework.boot.web.server.servlet.context.ServletWebServerApplicationContext.refresh(ServletWebServerApplicationContext.java:143) ~[spring-boot-web-server-4.0.4.jar:4.0.4]
	at org.springframework.boot.SpringApplication.refresh(SpringApplication.java:756) ~[spring-boot-4.0.4.jar:4.0.4]
	at org.springframework.boot.SpringApplication.refreshContext(SpringApplication.java:445) ~[spring-boot-4.0.4.jar:4.0.4]
	at org.springframework.boot.SpringApplication.run(SpringApplication.java:321) ~[spring-boot-4.0.4.jar:4.0.4]
	at org.springframework.boot.SpringApplication.run(SpringApplication.java:1365) ~[spring-boot-4.0.4.jar:4.0.4]
	at org.springframework.boot.SpringApplication.run(SpringApplication.java:1354) ~[spring-boot-4.0.4.jar:4.0.4]
	at org.example.apijson.ApiJsonApplication.main(ApiJsonApplication.java:10) ~[classes/:na]
Caused by: java.sql.SQLException: Cannot change column 'APPLICATION_NODE': used in a foreign key constraint 'FKen78ayfrm6vs2v60bk8h8esm8'
	at com.mysql.cj.jdbc.exceptions.SQLError.createSQLException(SQLError.java:121) ~[mysql-connector-j-9.6.0.jar:9.6.0]
	at com.mysql.cj.jdbc.exceptions.SQLExceptionsMapping.translateException(SQLExceptionsMapping.java:114) ~[mysql-connector-j-9.6.0.jar:9.6.0]
	at com.mysql.cj.jdbc.StatementImpl.executeInternal(StatementImpl.java:839) ~[mysql-connector-j-9.6.0.jar:9.6.0]
	at com.mysql.cj.jdbc.StatementImpl.execute(StatementImpl.java:687) ~[mysql-connector-j-9.6.0.jar:9.6.0]
	at com.zaxxer.hikari.pool.ProxyStatement.execute(ProxyStatement.java:95) ~[HikariCP-7.0.2.jar:na]
	at com.zaxxer.hikari.pool.HikariProxyStatement.execute(HikariProxyStatement.java) ~[HikariCP-7.0.2.jar:na]
	at org.hibernate.tool.schema.internal.exec.GenerationTargetToDatabase.accept(GenerationTargetToDatabase.java:76) ~[hibernate-core-7.2.7.Final.jar:7.2.7.Final]
	... 38 common frames omitted

2026-04-06T12:37:24.684+02:00  WARN 4428 --- [apijson] [main] o.h.t.s.i.ExceptionHandlerLoggedImpl     : GenerationTarget encountered exception accepting command : Error executing DDL "
    alter table config 
       modify column version_lock bigint" via JDBC [Cannot add or update a child row: a foreign key constraint fails (`apirest`.`#sql-16bc_bc`, CONSTRAINT `FKen78ayfrm6vs2v60bk8h8esm8` FOREIGN KEY (`APPLICATION_NODE`) REFERENCES `application` (`ID`))]

org.hibernate.tool.schema.spi.CommandAcceptanceException: Error executing DDL "
    alter table config 
       modify column version_lock bigint" via JDBC [Cannot add or update a child row: a foreign key constraint fails (`apirest`.`#sql-16bc_bc`, CONSTRAINT `FKen78ayfrm6vs2v60bk8h8esm8` FOREIGN KEY (`APPLICATION_NODE`) REFERENCES `application` (`ID`))]
	at org.hibernate.tool.schema.internal.exec.GenerationTargetToDatabase.accept(GenerationTargetToDatabase.java:81) ~[hibernate-core-7.2.7.Final.jar:7.2.7.Final]
	at org.hibernate.tool.schema.internal.AbstractSchemaMigrator.applySqlString(AbstractSchemaMigrator.java:566) ~[hibernate-core-7.2.7.Final.jar:7.2.7.Final]
	at org.hibernate.tool.schema.internal.AbstractSchemaMigrator.applySqlStrings(AbstractSchemaMigrator.java:506) ~[hibernate-core-7.2.7.Final.jar:7.2.7.Final]
	at org.hibernate.tool.schema.internal.AbstractSchemaMigrator.migrateTable(AbstractSchemaMigrator.java:324) ~[hibernate-core-7.2.7.Final.jar:7.2.7.Final]
	at org.hibernate.tool.schema.internal.GroupedSchemaMigratorImpl.performTablesMigration(GroupedSchemaMigratorImpl.java:84) ~[hibernate-core-7.2.7.Final.jar:7.2.7.Final]
	at org.hibernate.tool.schema.internal.AbstractSchemaMigrator.performMigration(AbstractSchemaMigrator.java:220) ~[hibernate-core-7.2.7.Final.jar:7.2.7.Final]
	at org.hibernate.tool.schema.internal.AbstractSchemaMigrator.doMigration(AbstractSchemaMigrator.java:96) ~[hibernate-core-7.2.7.Final.jar:7.2.7.Final]
	at org.hibernate.tool.schema.spi.SchemaManagementToolCoordinator.performDatabaseAction(SchemaManagementToolCoordinator.java:269) ~[hibernate-core-7.2.7.Final.jar:7.2.7.Final]
	at org.hibernate.tool.schema.spi.SchemaManagementToolCoordinator.lambda$process$1(SchemaManagementToolCoordinator.java:101) ~[hibernate-core-7.2.7.Final.jar:7.2.7.Final]
	at java.base/java.util.HashMap.forEach(HashMap.java:1429) ~[na:na]
	at org.hibernate.tool.schema.spi.SchemaManagementToolCoordinator.process(SchemaManagementToolCoordinator.java:100) ~[hibernate-core-7.2.7.Final.jar:7.2.7.Final]
	at org.hibernate.boot.internal.SessionFactoryObserverForSchemaExport.sessionFactoryCreated(SessionFactoryObserverForSchemaExport.java:35) ~[hibernate-core-7.2.7.Final.jar:7.2.7.Final]
	at org.hibernate.internal.SessionFactoryObserverChain.sessionFactoryCreated(SessionFactoryObserverChain.java:33) ~[hibernate-core-7.2.7.Final.jar:7.2.7.Final]
	at org.hibernate.internal.SessionFactoryImpl.<init>(SessionFactoryImpl.java:323) ~[hibernate-core-7.2.7.Final.jar:7.2.7.Final]
	at org.hibernate.internal.SessionFactoryRegistry.instantiateSessionFactory(SessionFactoryRegistry.java:64) ~[hibernate-core-7.2.7.Final.jar:7.2.7.Final]
	at org.hibernate.boot.internal.SessionFactoryBuilderImpl.build(SessionFactoryBuilderImpl.java:437) ~[hibernate-core-7.2.7.Final.jar:7.2.7.Final]
	at org.hibernate.jpa.boot.internal.EntityManagerFactoryBuilderImpl.build(EntityManagerFactoryBuilderImpl.java:1456) ~[hibernate-core-7.2.7.Final.jar:7.2.7.Final]
	at org.springframework.orm.jpa.vendor.SpringHibernateJpaPersistenceProvider.createContainerEntityManagerFactory(SpringHibernateJpaPersistenceProvider.java:93) ~[spring-orm-7.0.6.jar:7.0.6]
	at org.springframework.orm.jpa.LocalContainerEntityManagerFactoryBean.createNativeEntityManagerFactory(LocalContainerEntityManagerFactoryBean.java:443) ~[spring-orm-7.0.6.jar:7.0.6]
	at org.springframework.orm.jpa.AbstractEntityManagerFactoryBean.buildNativeEntityManagerFactory(AbstractEntityManagerFactoryBean.java:436) ~[spring-orm-7.0.6.jar:7.0.6]
	at org.springframework.orm.jpa.AbstractEntityManagerFactoryBean.afterPropertiesSet(AbstractEntityManagerFactoryBean.java:411) ~[spring-orm-7.0.6.jar:7.0.6]
	at org.springframework.orm.jpa.LocalContainerEntityManagerFactoryBean.afterPropertiesSet(LocalContainerEntityManagerFactoryBean.java:419) ~[spring-orm-7.0.6.jar:7.0.6]
	at org.springframework.beans.factory.support.AbstractAutowireCapableBeanFactory.invokeInitMethods(AbstractAutowireCapableBeanFactory.java:1864) ~[spring-beans-7.0.6.jar:7.0.6]
	at org.springframework.beans.factory.support.AbstractAutowireCapableBeanFactory.initializeBean(AbstractAutowireCapableBeanFactory.java:1813) ~[spring-beans-7.0.6.jar:7.0.6]
	at org.springframework.beans.factory.support.AbstractAutowireCapableBeanFactory.doCreateBean(AbstractAutowireCapableBeanFactory.java:603) ~[spring-beans-7.0.6.jar:7.0.6]
	at org.springframework.beans.factory.support.AbstractAutowireCapableBeanFactory.createBean(AbstractAutowireCapableBeanFactory.java:525) ~[spring-beans-7.0.6.jar:7.0.6]
	at org.springframework.beans.factory.support.AbstractBeanFactory.lambda$doGetBean$0(AbstractBeanFactory.java:333) ~[spring-beans-7.0.6.jar:7.0.6]
	at org.springframework.beans.factory.support.DefaultSingletonBeanRegistry.getSingleton(DefaultSingletonBeanRegistry.java:371) ~[spring-beans-7.0.6.jar:7.0.6]
	at org.springframework.beans.factory.support.AbstractBeanFactory.doGetBean(AbstractBeanFactory.java:331) ~[spring-beans-7.0.6.jar:7.0.6]
	at org.springframework.beans.factory.support.AbstractBeanFactory.getBean(AbstractBeanFactory.java:201) ~[spring-beans-7.0.6.jar:7.0.6]
	at org.springframework.context.support.AbstractApplicationContext.finishBeanFactoryInitialization(AbstractApplicationContext.java:977) ~[spring-context-7.0.6.jar:7.0.6]
	at org.springframework.context.support.AbstractApplicationContext.refresh(AbstractApplicationContext.java:621) ~[spring-context-7.0.6.jar:7.0.6]
	at org.springframework.boot.web.server.servlet.context.ServletWebServerApplicationContext.refresh(ServletWebServerApplicationContext.java:143) ~[spring-boot-web-server-4.0.4.jar:4.0.4]
	at org.springframework.boot.SpringApplication.refresh(SpringApplication.java:756) ~[spring-boot-4.0.4.jar:4.0.4]
	at org.springframework.boot.SpringApplication.refreshContext(SpringApplication.java:445) ~[spring-boot-4.0.4.jar:4.0.4]
	at org.springframework.boot.SpringApplication.run(SpringApplication.java:321) ~[spring-boot-4.0.4.jar:4.0.4]
	at org.springframework.boot.SpringApplication.run(SpringApplication.java:1365) ~[spring-boot-4.0.4.jar:4.0.4]
	at org.springframework.boot.SpringApplication.run(SpringApplication.java:1354) ~[spring-boot-4.0.4.jar:4.0.4]
	at org.example.apijson.ApiJsonApplication.main(ApiJsonApplication.java:10) ~[classes/:na]
Caused by: java.sql.SQLIntegrityConstraintViolationException: Cannot add or update a child row: a foreign key constraint fails (`apirest`.`#sql-16bc_bc`, CONSTRAINT `FKen78ayfrm6vs2v60bk8h8esm8` FOREIGN KEY (`APPLICATION_NODE`) REFERENCES `application` (`ID`))
	at com.mysql.cj.jdbc.exceptions.SQLError.createSQLException(SQLError.java:109) ~[mysql-connector-j-9.6.0.jar:9.6.0]
	at com.mysql.cj.jdbc.exceptions.SQLExceptionsMapping.translateException(SQLExceptionsMapping.java:114) ~[mysql-connector-j-9.6.0.jar:9.6.0]
	at com.mysql.cj.jdbc.StatementImpl.executeInternal(StatementImpl.java:839) ~[mysql-connector-j-9.6.0.jar:9.6.0]
	at com.mysql.cj.jdbc.StatementImpl.execute(StatementImpl.java:687) ~[mysql-connector-j-9.6.0.jar:9.6.0]
	at com.zaxxer.hikari.pool.ProxyStatement.execute(ProxyStatement.java:95) ~[HikariCP-7.0.2.jar:na]
	at com.zaxxer.hikari.pool.HikariProxyStatement.execute(HikariProxyStatement.java) ~[HikariCP-7.0.2.jar:na]
	at org.hibernate.tool.schema.internal.exec.GenerationTargetToDatabase.accept(GenerationTargetToDatabase.java:76) ~[hibernate-core-7.2.7.Final.jar:7.2.7.Final]
	... 38 common frames omitted

2026-04-06T12:37:24.726+02:00  INFO 4428 --- [apijson] [main] j.LocalContainerEntityManagerFactoryBean : Initialized JPA EntityManagerFactory for persistence unit 'default'
2026-04-06T12:37:24.903+02:00  INFO 4428 --- [apijson] [main] o.s.d.j.r.query.QueryEnhancerFactories   : Hibernate is in classpath; If applicable, HQL parser will be used.
2026-04-06T12:37:26.416+02:00  INFO 4428 --- [apijson] [main] o.s.boot.tomcat.TomcatWebServer          : Tomcat started on port 8080 (http) with context path '/'
2026-04-06T12:37:26.459+02:00  INFO 4428 --- [apijson] [main] org.example.apijson.ApiJsonApplication   : Started ApiJsonApplication in 8.954 seconds (process running for 10.133)
2026-04-06T12:37:29.430+02:00  INFO 4428 --- [apijson] [http-nio-8080-exec-1] o.a.c.c.C.[Tomcat].[localhost].[/]       : Initializing Spring DispatcherServlet 'dispatcherServlet'
2026-04-06T12:37:29.431+02:00  INFO 4428 --- [apijson] [http-nio-8080-exec-1] o.s.web.servlet.DispatcherServlet        : Initializing Servlet 'dispatcherServlet'
2026-04-06T12:37:29.432+02:00  INFO 4428 --- [apijson] [http-nio-8080-exec-1] o.s.web.servlet.DispatcherServlet        : Completed initialization in 1 ms
2026-04-06T12:38:14.249+02:00  INFO 4428 --- [apijson] [http-nio-8080-exec-2] o.e.a.Servicio.DeserializarService       : validación exitosa para el atributo 'indicators'
2026-04-06T12:39:09.490+02:00  INFO 4428 --- [apijson] [http-nio-8080-exec-5] o.e.a.Servicio.DeserializarService       : validación exitosa para el atributo 'indicators'
2026-04-06T12:39:41.511+02:00  INFO 4428 --- [apijson] [http-nio-8080-exec-7] o.e.a.Servicio.DeserializarService       : validación exitosa para el atributo 'indicators'
2026-04-06T12:40:31.850+02:00  INFO 4428 --- [apijson] [SpringApplicationShutdownHook] o.s.boot.tomcat.GracefulShutdown         : Commencing graceful shutdown. Waiting for active requests to complete
2026-04-06T12:40:31.863+02:00  INFO 4428 --- [apijson] [tomcat-shutdown] o.s.boot.tomcat.GracefulShutdown         : Graceful shutdown complete
2026-04-06T12:40:31.869+02:00  INFO 4428 --- [apijson] [SpringApplicationShutdownHook] j.LocalContainerEntityManagerFactoryBean : Closing JPA EntityManagerFactory for persistence unit 'default'
2026-04-06T12:40:31.875+02:00  INFO 4428 --- [apijson] [SpringApplicationShutdownHook] com.zaxxer.hikari.HikariDataSource       : HikariPool-1 - Shutdown initiated...
2026-04-06T12:40:31.885+02:00  INFO 4428 --- [apijson] [SpringApplicationShutdownHook] com.zaxxer.hikari.HikariDataSource       : HikariPool-1 - Shutdown completed.
2026-04-06T12:58:14.313+02:00  INFO 15316 --- [apijson] [main] org.example.apijson.ApiJsonApplication   : Starting ApiJsonApplication using Java 21.0.10 with PID 15316 (C:\Users\gvega\IdeaProjects\ApiJson\target\classes started by gvega in C:\Users\gvega\IdeaProjects\ApiJson)
2026-04-06T12:58:14.320+02:00  INFO 15316 --- [apijson] [main] org.example.apijson.ApiJsonApplication   : No active profile set, falling back to 1 default profile: "default"
2026-04-06T12:58:15.610+02:00  INFO 15316 --- [apijson] [main] .s.d.r.c.RepositoryConfigurationDelegate : Bootstrapping Spring Data JPA repositories in DEFAULT mode.
2026-04-06T12:58:15.692+02:00  INFO 15316 --- [apijson] [main] .s.d.r.c.RepositoryConfigurationDelegate : Finished Spring Data repository scanning in 69 ms. Found 4 JPA repository interfaces.
2026-04-06T12:58:16.323+02:00  INFO 15316 --- [apijson] [main] o.s.boot.tomcat.TomcatWebServer          : Tomcat initialized with port 8080 (http)
2026-04-06T12:58:16.341+02:00  INFO 15316 --- [apijson] [main] o.apache.catalina.core.StandardService   : Starting service [Tomcat]
2026-04-06T12:58:16.341+02:00  INFO 15316 --- [apijson] [main] o.apache.catalina.core.StandardEngine    : Starting Servlet engine: [Apache Tomcat/11.0.18]
2026-04-06T12:58:16.420+02:00  INFO 15316 --- [apijson] [main] b.w.c.s.WebApplicationContextInitializer : Root WebApplicationContext: initialization completed in 2030 ms
2026-04-06T12:58:16.659+02:00  INFO 15316 --- [apijson] [main] org.hibernate.orm.jpa                    : HHH008540: Processing PersistenceUnitInfo [name: default]
2026-04-06T12:58:16.742+02:00  INFO 15316 --- [apijson] [main] org.hibernate.orm.core                   : HHH000001: Hibernate ORM core version 7.2.7.Final
2026-04-06T12:58:17.405+02:00  INFO 15316 --- [apijson] [main] o.s.o.j.p.SpringPersistenceUnitInfo      : No LoadTimeWeaver setup: ignoring JPA class transformer
2026-04-06T12:58:17.454+02:00  INFO 15316 --- [apijson] [main] com.zaxxer.hikari.HikariDataSource       : HikariPool-1 - Starting...
2026-04-06T12:58:17.989+02:00  INFO 15316 --- [apijson] [main] com.zaxxer.hikari.pool.HikariPool        : HikariPool-1 - Added connection com.mysql.cj.jdbc.ConnectionImpl@35555145
2026-04-06T12:58:17.990+02:00  INFO 15316 --- [apijson] [main] com.zaxxer.hikari.HikariDataSource       : HikariPool-1 - Start completed.
2026-04-06T12:58:18.080+02:00  WARN 15316 --- [apijson] [main] org.hibernate.orm.deprecation            : HHH90000025: MySQLDialect does not need to be specified explicitly using 'hibernate.dialect' (remove the property setting and it will be selected by default)
2026-04-06T12:58:18.109+02:00  INFO 15316 --- [apijson] [main] org.hibernate.orm.connections.pooling    : HHH10001005: Database info:
	Database JDBC URL [jdbc:mysql://localhost:3306/apirest]
	Database driver: MySQL Connector/J
	Database dialect: MySQLDialect
	Database version: 8.0.45
	Default catalog/schema: apirest/undefined
	Autocommit mode: undefined/unknown
	Isolation level: REPEATABLE_READ [default REPEATABLE_READ]
	JDBC fetch size: none
	Pool: DataSourceConnectionProvider
	Minimum pool size: undefined/unknown
	Maximum pool size: undefined/unknown
2026-04-06T12:58:19.568+02:00  INFO 15316 --- [apijson] [main] org.hibernate.orm.core                   : HHH000489: No JTA platform available (set 'hibernate.transaction.jta.platform' to enable JTA platform integration)
2026-04-06T12:58:20.151+02:00  WARN 15316 --- [apijson] [main] o.h.t.s.i.ExceptionHandlerLoggedImpl     : GenerationTarget encountered exception accepting command : Error executing DDL "
    alter table config 
       modify column application_node varchar(255)" via JDBC [Cannot change column 'APPLICATION_NODE': used in a foreign key constraint 'FKen78ayfrm6vs2v60bk8h8esm8']

org.hibernate.tool.schema.spi.CommandAcceptanceException: Error executing DDL "
    alter table config 
       modify column application_node varchar(255)" via JDBC [Cannot change column 'APPLICATION_NODE': used in a foreign key constraint 'FKen78ayfrm6vs2v60bk8h8esm8']
	at org.hibernate.tool.schema.internal.exec.GenerationTargetToDatabase.accept(GenerationTargetToDatabase.java:81) ~[hibernate-core-7.2.7.Final.jar:7.2.7.Final]
	at org.hibernate.tool.schema.internal.AbstractSchemaMigrator.applySqlString(AbstractSchemaMigrator.java:566) ~[hibernate-core-7.2.7.Final.jar:7.2.7.Final]
	at org.hibernate.tool.schema.internal.AbstractSchemaMigrator.applySqlStrings(AbstractSchemaMigrator.java:506) ~[hibernate-core-7.2.7.Final.jar:7.2.7.Final]
	at org.hibernate.tool.schema.internal.AbstractSchemaMigrator.migrateTable(AbstractSchemaMigrator.java:324) ~[hibernate-core-7.2.7.Final.jar:7.2.7.Final]
	at org.hibernate.tool.schema.internal.GroupedSchemaMigratorImpl.performTablesMigration(GroupedSchemaMigratorImpl.java:84) ~[hibernate-core-7.2.7.Final.jar:7.2.7.Final]
	at org.hibernate.tool.schema.internal.AbstractSchemaMigrator.performMigration(AbstractSchemaMigrator.java:220) ~[hibernate-core-7.2.7.Final.jar:7.2.7.Final]
	at org.hibernate.tool.schema.internal.AbstractSchemaMigrator.doMigration(AbstractSchemaMigrator.java:96) ~[hibernate-core-7.2.7.Final.jar:7.2.7.Final]
	at org.hibernate.tool.schema.spi.SchemaManagementToolCoordinator.performDatabaseAction(SchemaManagementToolCoordinator.java:269) ~[hibernate-core-7.2.7.Final.jar:7.2.7.Final]
	at org.hibernate.tool.schema.spi.SchemaManagementToolCoordinator.lambda$process$1(SchemaManagementToolCoordinator.java:101) ~[hibernate-core-7.2.7.Final.jar:7.2.7.Final]
	at java.base/java.util.HashMap.forEach(HashMap.java:1429) ~[na:na]
	at org.hibernate.tool.schema.spi.SchemaManagementToolCoordinator.process(SchemaManagementToolCoordinator.java:100) ~[hibernate-core-7.2.7.Final.jar:7.2.7.Final]
	at org.hibernate.boot.internal.SessionFactoryObserverForSchemaExport.sessionFactoryCreated(SessionFactoryObserverForSchemaExport.java:35) ~[hibernate-core-7.2.7.Final.jar:7.2.7.Final]
	at org.hibernate.internal.SessionFactoryObserverChain.sessionFactoryCreated(SessionFactoryObserverChain.java:33) ~[hibernate-core-7.2.7.Final.jar:7.2.7.Final]
	at org.hibernate.internal.SessionFactoryImpl.<init>(SessionFactoryImpl.java:323) ~[hibernate-core-7.2.7.Final.jar:7.2.7.Final]
	at org.hibernate.internal.SessionFactoryRegistry.instantiateSessionFactory(SessionFactoryRegistry.java:64) ~[hibernate-core-7.2.7.Final.jar:7.2.7.Final]
	at org.hibernate.boot.internal.SessionFactoryBuilderImpl.build(SessionFactoryBuilderImpl.java:437) ~[hibernate-core-7.2.7.Final.jar:7.2.7.Final]
	at org.hibernate.jpa.boot.internal.EntityManagerFactoryBuilderImpl.build(EntityManagerFactoryBuilderImpl.java:1456) ~[hibernate-core-7.2.7.Final.jar:7.2.7.Final]
	at org.springframework.orm.jpa.vendor.SpringHibernateJpaPersistenceProvider.createContainerEntityManagerFactory(SpringHibernateJpaPersistenceProvider.java:93) ~[spring-orm-7.0.6.jar:7.0.6]
	at org.springframework.orm.jpa.LocalContainerEntityManagerFactoryBean.createNativeEntityManagerFactory(LocalContainerEntityManagerFactoryBean.java:443) ~[spring-orm-7.0.6.jar:7.0.6]
	at org.springframework.orm.jpa.AbstractEntityManagerFactoryBean.buildNativeEntityManagerFactory(AbstractEntityManagerFactoryBean.java:436) ~[spring-orm-7.0.6.jar:7.0.6]
	at org.springframework.orm.jpa.AbstractEntityManagerFactoryBean.afterPropertiesSet(AbstractEntityManagerFactoryBean.java:411) ~[spring-orm-7.0.6.jar:7.0.6]
	at org.springframework.orm.jpa.LocalContainerEntityManagerFactoryBean.afterPropertiesSet(LocalContainerEntityManagerFactoryBean.java:419) ~[spring-orm-7.0.6.jar:7.0.6]
	at org.springframework.beans.factory.support.AbstractAutowireCapableBeanFactory.invokeInitMethods(AbstractAutowireCapableBeanFactory.java:1864) ~[spring-beans-7.0.6.jar:7.0.6]
	at org.springframework.beans.factory.support.AbstractAutowireCapableBeanFactory.initializeBean(AbstractAutowireCapableBeanFactory.java:1813) ~[spring-beans-7.0.6.jar:7.0.6]
	at org.springframework.beans.factory.support.AbstractAutowireCapableBeanFactory.doCreateBean(AbstractAutowireCapableBeanFactory.java:603) ~[spring-beans-7.0.6.jar:7.0.6]
	at org.springframework.beans.factory.support.AbstractAutowireCapableBeanFactory.createBean(AbstractAutowireCapableBeanFactory.java:525) ~[spring-beans-7.0.6.jar:7.0.6]
	at org.springframework.beans.factory.support.AbstractBeanFactory.lambda$doGetBean$0(AbstractBeanFactory.java:333) ~[spring-beans-7.0.6.jar:7.0.6]
	at org.springframework.beans.factory.support.DefaultSingletonBeanRegistry.getSingleton(DefaultSingletonBeanRegistry.java:371) ~[spring-beans-7.0.6.jar:7.0.6]
	at org.springframework.beans.factory.support.AbstractBeanFactory.doGetBean(AbstractBeanFactory.java:331) ~[spring-beans-7.0.6.jar:7.0.6]
	at org.springframework.beans.factory.support.AbstractBeanFactory.getBean(AbstractBeanFactory.java:201) ~[spring-beans-7.0.6.jar:7.0.6]
	at org.springframework.context.support.AbstractApplicationContext.finishBeanFactoryInitialization(AbstractApplicationContext.java:977) ~[spring-context-7.0.6.jar:7.0.6]
	at org.springframework.context.support.AbstractApplicationContext.refresh(AbstractApplicationContext.java:621) ~[spring-context-7.0.6.jar:7.0.6]
	at org.springframework.boot.web.server.servlet.context.ServletWebServerApplicationContext.refresh(ServletWebServerApplicationContext.java:143) ~[spring-boot-web-server-4.0.4.jar:4.0.4]
	at org.springframework.boot.SpringApplication.refresh(SpringApplication.java:756) ~[spring-boot-4.0.4.jar:4.0.4]
	at org.springframework.boot.SpringApplication.refreshContext(SpringApplication.java:445) ~[spring-boot-4.0.4.jar:4.0.4]
	at org.springframework.boot.SpringApplication.run(SpringApplication.java:321) ~[spring-boot-4.0.4.jar:4.0.4]
	at org.springframework.boot.SpringApplication.run(SpringApplication.java:1365) ~[spring-boot-4.0.4.jar:4.0.4]
	at org.springframework.boot.SpringApplication.run(SpringApplication.java:1354) ~[spring-boot-4.0.4.jar:4.0.4]
	at org.example.apijson.ApiJsonApplication.main(ApiJsonApplication.java:10) ~[classes/:na]
Caused by: java.sql.SQLException: Cannot change column 'APPLICATION_NODE': used in a foreign key constraint 'FKen78ayfrm6vs2v60bk8h8esm8'
	at com.mysql.cj.jdbc.exceptions.SQLError.createSQLException(SQLError.java:121) ~[mysql-connector-j-9.6.0.jar:9.6.0]
	at com.mysql.cj.jdbc.exceptions.SQLExceptionsMapping.translateException(SQLExceptionsMapping.java:114) ~[mysql-connector-j-9.6.0.jar:9.6.0]
	at com.mysql.cj.jdbc.StatementImpl.executeInternal(StatementImpl.java:839) ~[mysql-connector-j-9.6.0.jar:9.6.0]
	at com.mysql.cj.jdbc.StatementImpl.execute(StatementImpl.java:687) ~[mysql-connector-j-9.6.0.jar:9.6.0]
	at com.zaxxer.hikari.pool.ProxyStatement.execute(ProxyStatement.java:95) ~[HikariCP-7.0.2.jar:na]
	at com.zaxxer.hikari.pool.HikariProxyStatement.execute(HikariProxyStatement.java) ~[HikariCP-7.0.2.jar:na]
	at org.hibernate.tool.schema.internal.exec.GenerationTargetToDatabase.accept(GenerationTargetToDatabase.java:76) ~[hibernate-core-7.2.7.Final.jar:7.2.7.Final]
	... 38 common frames omitted

2026-04-06T12:58:20.232+02:00  WARN 15316 --- [apijson] [main] o.h.t.s.i.ExceptionHandlerLoggedImpl     : GenerationTarget encountered exception accepting command : Error executing DDL "
    alter table config 
       modify column version_lock bigint" via JDBC [Cannot add or update a child row: a foreign key constraint fails (`apirest`.`#sql-16bc_c6`, CONSTRAINT `FKen78ayfrm6vs2v60bk8h8esm8` FOREIGN KEY (`APPLICATION_NODE`) REFERENCES `application` (`ID`))]

org.hibernate.tool.schema.spi.CommandAcceptanceException: Error executing DDL "
    alter table config 
       modify column version_lock bigint" via JDBC [Cannot add or update a child row: a foreign key constraint fails (`apirest`.`#sql-16bc_c6`, CONSTRAINT `FKen78ayfrm6vs2v60bk8h8esm8` FOREIGN KEY (`APPLICATION_NODE`) REFERENCES `application` (`ID`))]
	at org.hibernate.tool.schema.internal.exec.GenerationTargetToDatabase.accept(GenerationTargetToDatabase.java:81) ~[hibernate-core-7.2.7.Final.jar:7.2.7.Final]
	at org.hibernate.tool.schema.internal.AbstractSchemaMigrator.applySqlString(AbstractSchemaMigrator.java:566) ~[hibernate-core-7.2.7.Final.jar:7.2.7.Final]
	at org.hibernate.tool.schema.internal.AbstractSchemaMigrator.applySqlStrings(AbstractSchemaMigrator.java:506) ~[hibernate-core-7.2.7.Final.jar:7.2.7.Final]
	at org.hibernate.tool.schema.internal.AbstractSchemaMigrator.migrateTable(AbstractSchemaMigrator.java:324) ~[hibernate-core-7.2.7.Final.jar:7.2.7.Final]
	at org.hibernate.tool.schema.internal.GroupedSchemaMigratorImpl.performTablesMigration(GroupedSchemaMigratorImpl.java:84) ~[hibernate-core-7.2.7.Final.jar:7.2.7.Final]
	at org.hibernate.tool.schema.internal.AbstractSchemaMigrator.performMigration(AbstractSchemaMigrator.java:220) ~[hibernate-core-7.2.7.Final.jar:7.2.7.Final]
	at org.hibernate.tool.schema.internal.AbstractSchemaMigrator.doMigration(AbstractSchemaMigrator.java:96) ~[hibernate-core-7.2.7.Final.jar:7.2.7.Final]
	at org.hibernate.tool.schema.spi.SchemaManagementToolCoordinator.performDatabaseAction(SchemaManagementToolCoordinator.java:269) ~[hibernate-core-7.2.7.Final.jar:7.2.7.Final]
	at org.hibernate.tool.schema.spi.SchemaManagementToolCoordinator.lambda$process$1(SchemaManagementToolCoordinator.java:101) ~[hibernate-core-7.2.7.Final.jar:7.2.7.Final]
	at java.base/java.util.HashMap.forEach(HashMap.java:1429) ~[na:na]
	at org.hibernate.tool.schema.spi.SchemaManagementToolCoordinator.process(SchemaManagementToolCoordinator.java:100) ~[hibernate-core-7.2.7.Final.jar:7.2.7.Final]
	at org.hibernate.boot.internal.SessionFactoryObserverForSchemaExport.sessionFactoryCreated(SessionFactoryObserverForSchemaExport.java:35) ~[hibernate-core-7.2.7.Final.jar:7.2.7.Final]
	at org.hibernate.internal.SessionFactoryObserverChain.sessionFactoryCreated(SessionFactoryObserverChain.java:33) ~[hibernate-core-7.2.7.Final.jar:7.2.7.Final]
	at org.hibernate.internal.SessionFactoryImpl.<init>(SessionFactoryImpl.java:323) ~[hibernate-core-7.2.7.Final.jar:7.2.7.Final]
	at org.hibernate.internal.SessionFactoryRegistry.instantiateSessionFactory(SessionFactoryRegistry.java:64) ~[hibernate-core-7.2.7.Final.jar:7.2.7.Final]
	at org.hibernate.boot.internal.SessionFactoryBuilderImpl.build(SessionFactoryBuilderImpl.java:437) ~[hibernate-core-7.2.7.Final.jar:7.2.7.Final]
	at org.hibernate.jpa.boot.internal.EntityManagerFactoryBuilderImpl.build(EntityManagerFactoryBuilderImpl.java:1456) ~[hibernate-core-7.2.7.Final.jar:7.2.7.Final]
	at org.springframework.orm.jpa.vendor.SpringHibernateJpaPersistenceProvider.createContainerEntityManagerFactory(SpringHibernateJpaPersistenceProvider.java:93) ~[spring-orm-7.0.6.jar:7.0.6]
	at org.springframework.orm.jpa.LocalContainerEntityManagerFactoryBean.createNativeEntityManagerFactory(LocalContainerEntityManagerFactoryBean.java:443) ~[spring-orm-7.0.6.jar:7.0.6]
	at org.springframework.orm.jpa.AbstractEntityManagerFactoryBean.buildNativeEntityManagerFactory(AbstractEntityManagerFactoryBean.java:436) ~[spring-orm-7.0.6.jar:7.0.6]
	at org.springframework.orm.jpa.AbstractEntityManagerFactoryBean.afterPropertiesSet(AbstractEntityManagerFactoryBean.java:411) ~[spring-orm-7.0.6.jar:7.0.6]
	at org.springframework.orm.jpa.LocalContainerEntityManagerFactoryBean.afterPropertiesSet(LocalContainerEntityManagerFactoryBean.java:419) ~[spring-orm-7.0.6.jar:7.0.6]
	at org.springframework.beans.factory.support.AbstractAutowireCapableBeanFactory.invokeInitMethods(AbstractAutowireCapableBeanFactory.java:1864) ~[spring-beans-7.0.6.jar:7.0.6]
	at org.springframework.beans.factory.support.AbstractAutowireCapableBeanFactory.initializeBean(AbstractAutowireCapableBeanFactory.java:1813) ~[spring-beans-7.0.6.jar:7.0.6]
	at org.springframework.beans.factory.support.AbstractAutowireCapableBeanFactory.doCreateBean(AbstractAutowireCapableBeanFactory.java:603) ~[spring-beans-7.0.6.jar:7.0.6]
	at org.springframework.beans.factory.support.AbstractAutowireCapableBeanFactory.createBean(AbstractAutowireCapableBeanFactory.java:525) ~[spring-beans-7.0.6.jar:7.0.6]
	at org.springframework.beans.factory.support.AbstractBeanFactory.lambda$doGetBean$0(AbstractBeanFactory.java:333) ~[spring-beans-7.0.6.jar:7.0.6]
	at org.springframework.beans.factory.support.DefaultSingletonBeanRegistry.getSingleton(DefaultSingletonBeanRegistry.java:371) ~[spring-beans-7.0.6.jar:7.0.6]
	at org.springframework.beans.factory.support.AbstractBeanFactory.doGetBean(AbstractBeanFactory.java:331) ~[spring-beans-7.0.6.jar:7.0.6]
	at org.springframework.beans.factory.support.AbstractBeanFactory.getBean(AbstractBeanFactory.java:201) ~[spring-beans-7.0.6.jar:7.0.6]
	at org.springframework.context.support.AbstractApplicationContext.finishBeanFactoryInitialization(AbstractApplicationContext.java:977) ~[spring-context-7.0.6.jar:7.0.6]
	at org.springframework.context.support.AbstractApplicationContext.refresh(AbstractApplicationContext.java:621) ~[spring-context-7.0.6.jar:7.0.6]
	at org.springframework.boot.web.server.servlet.context.ServletWebServerApplicationContext.refresh(ServletWebServerApplicationContext.java:143) ~[spring-boot-web-server-4.0.4.jar:4.0.4]
	at org.springframework.boot.SpringApplication.refresh(SpringApplication.java:756) ~[spring-boot-4.0.4.jar:4.0.4]
	at org.springframework.boot.SpringApplication.refreshContext(SpringApplication.java:445) ~[spring-boot-4.0.4.jar:4.0.4]
	at org.springframework.boot.SpringApplication.run(SpringApplication.java:321) ~[spring-boot-4.0.4.jar:4.0.4]
	at org.springframework.boot.SpringApplication.run(SpringApplication.java:1365) ~[spring-boot-4.0.4.jar:4.0.4]
	at org.springframework.boot.SpringApplication.run(SpringApplication.java:1354) ~[spring-boot-4.0.4.jar:4.0.4]
	at org.example.apijson.ApiJsonApplication.main(ApiJsonApplication.java:10) ~[classes/:na]
Caused by: java.sql.SQLIntegrityConstraintViolationException: Cannot add or update a child row: a foreign key constraint fails (`apirest`.`#sql-16bc_c6`, CONSTRAINT `FKen78ayfrm6vs2v60bk8h8esm8` FOREIGN KEY (`APPLICATION_NODE`) REFERENCES `application` (`ID`))
	at com.mysql.cj.jdbc.exceptions.SQLError.createSQLException(SQLError.java:109) ~[mysql-connector-j-9.6.0.jar:9.6.0]
	at com.mysql.cj.jdbc.exceptions.SQLExceptionsMapping.translateException(SQLExceptionsMapping.java:114) ~[mysql-connector-j-9.6.0.jar:9.6.0]
	at com.mysql.cj.jdbc.StatementImpl.executeInternal(StatementImpl.java:839) ~[mysql-connector-j-9.6.0.jar:9.6.0]
	at com.mysql.cj.jdbc.StatementImpl.execute(StatementImpl.java:687) ~[mysql-connector-j-9.6.0.jar:9.6.0]
	at com.zaxxer.hikari.pool.ProxyStatement.execute(ProxyStatement.java:95) ~[HikariCP-7.0.2.jar:na]
	at com.zaxxer.hikari.pool.HikariProxyStatement.execute(HikariProxyStatement.java) ~[HikariCP-7.0.2.jar:na]
	at org.hibernate.tool.schema.internal.exec.GenerationTargetToDatabase.accept(GenerationTargetToDatabase.java:76) ~[hibernate-core-7.2.7.Final.jar:7.2.7.Final]
	... 38 common frames omitted

2026-04-06T12:58:20.265+02:00  INFO 15316 --- [apijson] [main] j.LocalContainerEntityManagerFactoryBean : Initialized JPA EntityManagerFactory for persistence unit 'default'
2026-04-06T12:58:20.392+02:00  INFO 15316 --- [apijson] [main] o.s.d.j.r.query.QueryEnhancerFactories   : Hibernate is in classpath; If applicable, HQL parser will be used.
2026-04-06T12:58:21.651+02:00  INFO 15316 --- [apijson] [main] o.s.boot.tomcat.TomcatWebServer          : Tomcat started on port 8080 (http) with context path '/'
2026-04-06T12:58:21.660+02:00  INFO 15316 --- [apijson] [main] org.example.apijson.ApiJsonApplication   : Started ApiJsonApplication in 8.199 seconds (process running for 9.411)
2026-04-06T12:58:26.769+02:00  INFO 15316 --- [apijson] [http-nio-8080-exec-1] o.a.c.c.C.[Tomcat].[localhost].[/]       : Initializing Spring DispatcherServlet 'dispatcherServlet'
2026-04-06T12:58:26.770+02:00  INFO 15316 --- [apijson] [http-nio-8080-exec-1] o.s.web.servlet.DispatcherServlet        : Initializing Servlet 'dispatcherServlet'
2026-04-06T12:58:26.772+02:00  INFO 15316 --- [apijson] [http-nio-8080-exec-1] o.s.web.servlet.DispatcherServlet        : Completed initialization in 2 ms
2026-04-06T12:58:27.834+02:00  INFO 15316 --- [apijson] [http-nio-8080-exec-4] o.springdoc.api.AbstractOpenApiResource  : Init duration for springdoc-openapi is: 614 ms
2026-04-06T12:59:35.345+02:00  INFO 15316 --- [apijson] [http-nio-8080-exec-7] o.e.a.Servicio.DeserializarService       : validación exitosa para el atributo 'indicators'
2026-04-06T13:00:04.823+02:00  INFO 15316 --- [apijson] [http-nio-8080-exec-9] o.e.a.Servicio.DeserializarService       : validación exitosa para el atributo 'indicators'
2026-04-06T13:00:48.423+02:00  INFO 15316 --- [apijson] [http-nio-8080-exec-1] o.e.a.Servicio.DeserializarService       : validación exitosa para el atributo 'indicators'
2026-04-06T13:01:18.556+02:00  INFO 15316 --- [apijson] [SpringApplicationShutdownHook] o.s.boot.tomcat.GracefulShutdown         : Commencing graceful shutdown. Waiting for active requests to complete
2026-04-06T13:01:18.573+02:00  INFO 15316 --- [apijson] [tomcat-shutdown] o.s.boot.tomcat.GracefulShutdown         : Graceful shutdown complete
2026-04-06T13:01:18.581+02:00  INFO 15316 --- [apijson] [SpringApplicationShutdownHook] j.LocalContainerEntityManagerFactoryBean : Closing JPA EntityManagerFactory for persistence unit 'default'
2026-04-06T13:01:18.585+02:00  INFO 15316 --- [apijson] [SpringApplicationShutdownHook] com.zaxxer.hikari.HikariDataSource       : HikariPool-1 - Shutdown initiated...
2026-04-06T13:01:18.597+02:00  INFO 15316 --- [apijson] [SpringApplicationShutdownHook] com.zaxxer.hikari.HikariDataSource       : HikariPool-1 - Shutdown completed.
2026-04-06T14:26:40.826+02:00  INFO 14932 --- [apijson] [main] org.example.apijson.ApiJsonApplication   : Starting ApiJsonApplication using Java 21.0.10 with PID 14932 (C:\Users\gvega\IdeaProjects\ApiJson\target\classes started by gvega in C:\Users\gvega\IdeaProjects\ApiJson)
2026-04-06T14:26:40.832+02:00  INFO 14932 --- [apijson] [main] org.example.apijson.ApiJsonApplication   : No active profile set, falling back to 1 default profile: "default"
2026-04-06T14:26:42.338+02:00  INFO 14932 --- [apijson] [main] .s.d.r.c.RepositoryConfigurationDelegate : Bootstrapping Spring Data JPA repositories in DEFAULT mode.
2026-04-06T14:26:42.479+02:00  INFO 14932 --- [apijson] [main] .s.d.r.c.RepositoryConfigurationDelegate : Finished Spring Data repository scanning in 121 ms. Found 4 JPA repository interfaces.
2026-04-06T14:26:43.383+02:00  INFO 14932 --- [apijson] [main] o.s.boot.tomcat.TomcatWebServer          : Tomcat initialized with port 8080 (http)
2026-04-06T14:26:43.415+02:00  INFO 14932 --- [apijson] [main] o.apache.catalina.core.StandardService   : Starting service [Tomcat]
2026-04-06T14:26:43.416+02:00  INFO 14932 --- [apijson] [main] o.apache.catalina.core.StandardEngine    : Starting Servlet engine: [Apache Tomcat/11.0.18]
2026-04-06T14:26:43.534+02:00  INFO 14932 --- [apijson] [main] b.w.c.s.WebApplicationContextInitializer : Root WebApplicationContext: initialization completed in 2619 ms
2026-04-06T14:26:43.879+02:00  INFO 14932 --- [apijson] [main] org.hibernate.orm.jpa                    : HHH008540: Processing PersistenceUnitInfo [name: default]
2026-04-06T14:26:43.996+02:00  INFO 14932 --- [apijson] [main] org.hibernate.orm.core                   : HHH000001: Hibernate ORM core version 7.2.7.Final
2026-04-06T14:26:44.912+02:00  INFO 14932 --- [apijson] [main] o.s.o.j.p.SpringPersistenceUnitInfo      : No LoadTimeWeaver setup: ignoring JPA class transformer
2026-04-06T14:26:44.981+02:00  INFO 14932 --- [apijson] [main] com.zaxxer.hikari.HikariDataSource       : HikariPool-1 - Starting...
2026-04-06T14:26:45.752+02:00  INFO 14932 --- [apijson] [main] com.zaxxer.hikari.pool.HikariPool        : HikariPool-1 - Added connection com.mysql.cj.jdbc.ConnectionImpl@25df2014
2026-04-06T14:26:45.755+02:00  INFO 14932 --- [apijson] [main] com.zaxxer.hikari.HikariDataSource       : HikariPool-1 - Start completed.
2026-04-06T14:26:45.880+02:00  WARN 14932 --- [apijson] [main] org.hibernate.orm.deprecation            : HHH90000025: MySQLDialect does not need to be specified explicitly using 'hibernate.dialect' (remove the property setting and it will be selected by default)
2026-04-06T14:26:45.915+02:00  INFO 14932 --- [apijson] [main] org.hibernate.orm.connections.pooling    : HHH10001005: Database info:
	Database JDBC URL [jdbc:mysql://localhost:3306/apirest]
	Database driver: MySQL Connector/J
	Database dialect: MySQLDialect
	Database version: 8.0.45
	Default catalog/schema: apirest/undefined
	Autocommit mode: undefined/unknown
	Isolation level: REPEATABLE_READ [default REPEATABLE_READ]
	JDBC fetch size: none
	Pool: DataSourceConnectionProvider
	Minimum pool size: undefined/unknown
	Maximum pool size: undefined/unknown
2026-04-06T14:26:47.818+02:00  INFO 14932 --- [apijson] [main] org.hibernate.orm.core                   : HHH000489: No JTA platform available (set 'hibernate.transaction.jta.platform' to enable JTA platform integration)
2026-04-06T14:26:48.416+02:00  WARN 14932 --- [apijson] [main] o.h.t.s.i.ExceptionHandlerLoggedImpl     : GenerationTarget encountered exception accepting command : Error executing DDL "
    alter table config 
       modify column application_node varchar(255)" via JDBC [Cannot change column 'APPLICATION_NODE': used in a foreign key constraint 'FKen78ayfrm6vs2v60bk8h8esm8']

org.hibernate.tool.schema.spi.CommandAcceptanceException: Error executing DDL "
    alter table config 
       modify column application_node varchar(255)" via JDBC [Cannot change column 'APPLICATION_NODE': used in a foreign key constraint 'FKen78ayfrm6vs2v60bk8h8esm8']
	at org.hibernate.tool.schema.internal.exec.GenerationTargetToDatabase.accept(GenerationTargetToDatabase.java:81) ~[hibernate-core-7.2.7.Final.jar:7.2.7.Final]
	at org.hibernate.tool.schema.internal.AbstractSchemaMigrator.applySqlString(AbstractSchemaMigrator.java:566) ~[hibernate-core-7.2.7.Final.jar:7.2.7.Final]
	at org.hibernate.tool.schema.internal.AbstractSchemaMigrator.applySqlStrings(AbstractSchemaMigrator.java:506) ~[hibernate-core-7.2.7.Final.jar:7.2.7.Final]
	at org.hibernate.tool.schema.internal.AbstractSchemaMigrator.migrateTable(AbstractSchemaMigrator.java:324) ~[hibernate-core-7.2.7.Final.jar:7.2.7.Final]
	at org.hibernate.tool.schema.internal.GroupedSchemaMigratorImpl.performTablesMigration(GroupedSchemaMigratorImpl.java:84) ~[hibernate-core-7.2.7.Final.jar:7.2.7.Final]
	at org.hibernate.tool.schema.internal.AbstractSchemaMigrator.performMigration(AbstractSchemaMigrator.java:220) ~[hibernate-core-7.2.7.Final.jar:7.2.7.Final]
	at org.hibernate.tool.schema.internal.AbstractSchemaMigrator.doMigration(AbstractSchemaMigrator.java:96) ~[hibernate-core-7.2.7.Final.jar:7.2.7.Final]
	at org.hibernate.tool.schema.spi.SchemaManagementToolCoordinator.performDatabaseAction(SchemaManagementToolCoordinator.java:269) ~[hibernate-core-7.2.7.Final.jar:7.2.7.Final]
	at org.hibernate.tool.schema.spi.SchemaManagementToolCoordinator.lambda$process$1(SchemaManagementToolCoordinator.java:101) ~[hibernate-core-7.2.7.Final.jar:7.2.7.Final]
	at java.base/java.util.HashMap.forEach(HashMap.java:1429) ~[na:na]
	at org.hibernate.tool.schema.spi.SchemaManagementToolCoordinator.process(SchemaManagementToolCoordinator.java:100) ~[hibernate-core-7.2.7.Final.jar:7.2.7.Final]
	at org.hibernate.boot.internal.SessionFactoryObserverForSchemaExport.sessionFactoryCreated(SessionFactoryObserverForSchemaExport.java:35) ~[hibernate-core-7.2.7.Final.jar:7.2.7.Final]
	at org.hibernate.internal.SessionFactoryObserverChain.sessionFactoryCreated(SessionFactoryObserverChain.java:33) ~[hibernate-core-7.2.7.Final.jar:7.2.7.Final]
	at org.hibernate.internal.SessionFactoryImpl.<init>(SessionFactoryImpl.java:323) ~[hibernate-core-7.2.7.Final.jar:7.2.7.Final]
	at org.hibernate.internal.SessionFactoryRegistry.instantiateSessionFactory(SessionFactoryRegistry.java:64) ~[hibernate-core-7.2.7.Final.jar:7.2.7.Final]
	at org.hibernate.boot.internal.SessionFactoryBuilderImpl.build(SessionFactoryBuilderImpl.java:437) ~[hibernate-core-7.2.7.Final.jar:7.2.7.Final]
	at org.hibernate.jpa.boot.internal.EntityManagerFactoryBuilderImpl.build(EntityManagerFactoryBuilderImpl.java:1456) ~[hibernate-core-7.2.7.Final.jar:7.2.7.Final]
	at org.springframework.orm.jpa.vendor.SpringHibernateJpaPersistenceProvider.createContainerEntityManagerFactory(SpringHibernateJpaPersistenceProvider.java:93) ~[spring-orm-7.0.6.jar:7.0.6]
	at org.springframework.orm.jpa.LocalContainerEntityManagerFactoryBean.createNativeEntityManagerFactory(LocalContainerEntityManagerFactoryBean.java:443) ~[spring-orm-7.0.6.jar:7.0.6]
	at org.springframework.orm.jpa.AbstractEntityManagerFactoryBean.buildNativeEntityManagerFactory(AbstractEntityManagerFactoryBean.java:436) ~[spring-orm-7.0.6.jar:7.0.6]
	at org.springframework.orm.jpa.AbstractEntityManagerFactoryBean.afterPropertiesSet(AbstractEntityManagerFactoryBean.java:411) ~[spring-orm-7.0.6.jar:7.0.6]
	at org.springframework.orm.jpa.LocalContainerEntityManagerFactoryBean.afterPropertiesSet(LocalContainerEntityManagerFactoryBean.java:419) ~[spring-orm-7.0.6.jar:7.0.6]
	at org.springframework.beans.factory.support.AbstractAutowireCapableBeanFactory.invokeInitMethods(AbstractAutowireCapableBeanFactory.java:1864) ~[spring-beans-7.0.6.jar:7.0.6]
	at org.springframework.beans.factory.support.AbstractAutowireCapableBeanFactory.initializeBean(AbstractAutowireCapableBeanFactory.java:1813) ~[spring-beans-7.0.6.jar:7.0.6]
	at org.springframework.beans.factory.support.AbstractAutowireCapableBeanFactory.doCreateBean(AbstractAutowireCapableBeanFactory.java:603) ~[spring-beans-7.0.6.jar:7.0.6]
	at org.springframework.beans.factory.support.AbstractAutowireCapableBeanFactory.createBean(AbstractAutowireCapableBeanFactory.java:525) ~[spring-beans-7.0.6.jar:7.0.6]
	at org.springframework.beans.factory.support.AbstractBeanFactory.lambda$doGetBean$0(AbstractBeanFactory.java:333) ~[spring-beans-7.0.6.jar:7.0.6]
	at org.springframework.beans.factory.support.DefaultSingletonBeanRegistry.getSingleton(DefaultSingletonBeanRegistry.java:371) ~[spring-beans-7.0.6.jar:7.0.6]
	at org.springframework.beans.factory.support.AbstractBeanFactory.doGetBean(AbstractBeanFactory.java:331) ~[spring-beans-7.0.6.jar:7.0.6]
	at org.springframework.beans.factory.support.AbstractBeanFactory.getBean(AbstractBeanFactory.java:201) ~[spring-beans-7.0.6.jar:7.0.6]
	at org.springframework.context.support.AbstractApplicationContext.finishBeanFactoryInitialization(AbstractApplicationContext.java:977) ~[spring-context-7.0.6.jar:7.0.6]
	at org.springframework.context.support.AbstractApplicationContext.refresh(AbstractApplicationContext.java:621) ~[spring-context-7.0.6.jar:7.0.6]
	at org.springframework.boot.web.server.servlet.context.ServletWebServerApplicationContext.refresh(ServletWebServerApplicationContext.java:143) ~[spring-boot-web-server-4.0.4.jar:4.0.4]
	at org.springframework.boot.SpringApplication.refresh(SpringApplication.java:756) ~[spring-boot-4.0.4.jar:4.0.4]
	at org.springframework.boot.SpringApplication.refreshContext(SpringApplication.java:445) ~[spring-boot-4.0.4.jar:4.0.4]
	at org.springframework.boot.SpringApplication.run(SpringApplication.java:321) ~[spring-boot-4.0.4.jar:4.0.4]
	at org.springframework.boot.SpringApplication.run(SpringApplication.java:1365) ~[spring-boot-4.0.4.jar:4.0.4]
	at org.springframework.boot.SpringApplication.run(SpringApplication.java:1354) ~[spring-boot-4.0.4.jar:4.0.4]
	at org.example.apijson.ApiJsonApplication.main(ApiJsonApplication.java:10) ~[classes/:na]
Caused by: java.sql.SQLException: Cannot change column 'APPLICATION_NODE': used in a foreign key constraint 'FKen78ayfrm6vs2v60bk8h8esm8'
	at com.mysql.cj.jdbc.exceptions.SQLError.createSQLException(SQLError.java:121) ~[mysql-connector-j-9.6.0.jar:9.6.0]
	at com.mysql.cj.jdbc.exceptions.SQLExceptionsMapping.translateException(SQLExceptionsMapping.java:114) ~[mysql-connector-j-9.6.0.jar:9.6.0]
	at com.mysql.cj.jdbc.StatementImpl.executeInternal(StatementImpl.java:839) ~[mysql-connector-j-9.6.0.jar:9.6.0]
	at com.mysql.cj.jdbc.StatementImpl.execute(StatementImpl.java:687) ~[mysql-connector-j-9.6.0.jar:9.6.0]
	at com.zaxxer.hikari.pool.ProxyStatement.execute(ProxyStatement.java:95) ~[HikariCP-7.0.2.jar:na]
	at com.zaxxer.hikari.pool.HikariProxyStatement.execute(HikariProxyStatement.java) ~[HikariCP-7.0.2.jar:na]
	at org.hibernate.tool.schema.internal.exec.GenerationTargetToDatabase.accept(GenerationTargetToDatabase.java:76) ~[hibernate-core-7.2.7.Final.jar:7.2.7.Final]
	... 38 common frames omitted

2026-04-06T14:26:48.500+02:00  WARN 14932 --- [apijson] [main] o.h.t.s.i.ExceptionHandlerLoggedImpl     : GenerationTarget encountered exception accepting command : Error executing DDL "
    alter table config 
       modify column version_lock bigint" via JDBC [Cannot add or update a child row: a foreign key constraint fails (`apirest`.`#sql-16bc_d0`, CONSTRAINT `FKen78ayfrm6vs2v60bk8h8esm8` FOREIGN KEY (`APPLICATION_NODE`) REFERENCES `application` (`ID`))]

org.hibernate.tool.schema.spi.CommandAcceptanceException: Error executing DDL "
    alter table config 
       modify column version_lock bigint" via JDBC [Cannot add or update a child row: a foreign key constraint fails (`apirest`.`#sql-16bc_d0`, CONSTRAINT `FKen78ayfrm6vs2v60bk8h8esm8` FOREIGN KEY (`APPLICATION_NODE`) REFERENCES `application` (`ID`))]
	at org.hibernate.tool.schema.internal.exec.GenerationTargetToDatabase.accept(GenerationTargetToDatabase.java:81) ~[hibernate-core-7.2.7.Final.jar:7.2.7.Final]
	at org.hibernate.tool.schema.internal.AbstractSchemaMigrator.applySqlString(AbstractSchemaMigrator.java:566) ~[hibernate-core-7.2.7.Final.jar:7.2.7.Final]
	at org.hibernate.tool.schema.internal.AbstractSchemaMigrator.applySqlStrings(AbstractSchemaMigrator.java:506) ~[hibernate-core-7.2.7.Final.jar:7.2.7.Final]
	at org.hibernate.tool.schema.internal.AbstractSchemaMigrator.migrateTable(AbstractSchemaMigrator.java:324) ~[hibernate-core-7.2.7.Final.jar:7.2.7.Final]
	at org.hibernate.tool.schema.internal.GroupedSchemaMigratorImpl.performTablesMigration(GroupedSchemaMigratorImpl.java:84) ~[hibernate-core-7.2.7.Final.jar:7.2.7.Final]
	at org.hibernate.tool.schema.internal.AbstractSchemaMigrator.performMigration(AbstractSchemaMigrator.java:220) ~[hibernate-core-7.2.7.Final.jar:7.2.7.Final]
	at org.hibernate.tool.schema.internal.AbstractSchemaMigrator.doMigration(AbstractSchemaMigrator.java:96) ~[hibernate-core-7.2.7.Final.jar:7.2.7.Final]
	at org.hibernate.tool.schema.spi.SchemaManagementToolCoordinator.performDatabaseAction(SchemaManagementToolCoordinator.java:269) ~[hibernate-core-7.2.7.Final.jar:7.2.7.Final]
	at org.hibernate.tool.schema.spi.SchemaManagementToolCoordinator.lambda$process$1(SchemaManagementToolCoordinator.java:101) ~[hibernate-core-7.2.7.Final.jar:7.2.7.Final]
	at java.base/java.util.HashMap.forEach(HashMap.java:1429) ~[na:na]
	at org.hibernate.tool.schema.spi.SchemaManagementToolCoordinator.process(SchemaManagementToolCoordinator.java:100) ~[hibernate-core-7.2.7.Final.jar:7.2.7.Final]
	at org.hibernate.boot.internal.SessionFactoryObserverForSchemaExport.sessionFactoryCreated(SessionFactoryObserverForSchemaExport.java:35) ~[hibernate-core-7.2.7.Final.jar:7.2.7.Final]
	at org.hibernate.internal.SessionFactoryObserverChain.sessionFactoryCreated(SessionFactoryObserverChain.java:33) ~[hibernate-core-7.2.7.Final.jar:7.2.7.Final]
	at org.hibernate.internal.SessionFactoryImpl.<init>(SessionFactoryImpl.java:323) ~[hibernate-core-7.2.7.Final.jar:7.2.7.Final]
	at org.hibernate.internal.SessionFactoryRegistry.instantiateSessionFactory(SessionFactoryRegistry.java:64) ~[hibernate-core-7.2.7.Final.jar:7.2.7.Final]
	at org.hibernate.boot.internal.SessionFactoryBuilderImpl.build(SessionFactoryBuilderImpl.java:437) ~[hibernate-core-7.2.7.Final.jar:7.2.7.Final]
	at org.hibernate.jpa.boot.internal.EntityManagerFactoryBuilderImpl.build(EntityManagerFactoryBuilderImpl.java:1456) ~[hibernate-core-7.2.7.Final.jar:7.2.7.Final]
	at org.springframework.orm.jpa.vendor.SpringHibernateJpaPersistenceProvider.createContainerEntityManagerFactory(SpringHibernateJpaPersistenceProvider.java:93) ~[spring-orm-7.0.6.jar:7.0.6]
	at org.springframework.orm.jpa.LocalContainerEntityManagerFactoryBean.createNativeEntityManagerFactory(LocalContainerEntityManagerFactoryBean.java:443) ~[spring-orm-7.0.6.jar:7.0.6]
	at org.springframework.orm.jpa.AbstractEntityManagerFactoryBean.buildNativeEntityManagerFactory(AbstractEntityManagerFactoryBean.java:436) ~[spring-orm-7.0.6.jar:7.0.6]
	at org.springframework.orm.jpa.AbstractEntityManagerFactoryBean.afterPropertiesSet(AbstractEntityManagerFactoryBean.java:411) ~[spring-orm-7.0.6.jar:7.0.6]
	at org.springframework.orm.jpa.LocalContainerEntityManagerFactoryBean.afterPropertiesSet(LocalContainerEntityManagerFactoryBean.java:419) ~[spring-orm-7.0.6.jar:7.0.6]
	at org.springframework.beans.factory.support.AbstractAutowireCapableBeanFactory.invokeInitMethods(AbstractAutowireCapableBeanFactory.java:1864) ~[spring-beans-7.0.6.jar:7.0.6]
	at org.springframework.beans.factory.support.AbstractAutowireCapableBeanFactory.initializeBean(AbstractAutowireCapableBeanFactory.java:1813) ~[spring-beans-7.0.6.jar:7.0.6]
	at org.springframework.beans.factory.support.AbstractAutowireCapableBeanFactory.doCreateBean(AbstractAutowireCapableBeanFactory.java:603) ~[spring-beans-7.0.6.jar:7.0.6]
	at org.springframework.beans.factory.support.AbstractAutowireCapableBeanFactory.createBean(AbstractAutowireCapableBeanFactory.java:525) ~[spring-beans-7.0.6.jar:7.0.6]
	at org.springframework.beans.factory.support.AbstractBeanFactory.lambda$doGetBean$0(AbstractBeanFactory.java:333) ~[spring-beans-7.0.6.jar:7.0.6]
	at org.springframework.beans.factory.support.DefaultSingletonBeanRegistry.getSingleton(DefaultSingletonBeanRegistry.java:371) ~[spring-beans-7.0.6.jar:7.0.6]
	at org.springframework.beans.factory.support.AbstractBeanFactory.doGetBean(AbstractBeanFactory.java:331) ~[spring-beans-7.0.6.jar:7.0.6]
	at org.springframework.beans.factory.support.AbstractBeanFactory.getBean(AbstractBeanFactory.java:201) ~[spring-beans-7.0.6.jar:7.0.6]
	at org.springframework.context.support.AbstractApplicationContext.finishBeanFactoryInitialization(AbstractApplicationContext.java:977) ~[spring-context-7.0.6.jar:7.0.6]
	at org.springframework.context.support.AbstractApplicationContext.refresh(AbstractApplicationContext.java:621) ~[spring-context-7.0.6.jar:7.0.6]
	at org.springframework.boot.web.server.servlet.context.ServletWebServerApplicationContext.refresh(ServletWebServerApplicationContext.java:143) ~[spring-boot-web-server-4.0.4.jar:4.0.4]
	at org.springframework.boot.SpringApplication.refresh(SpringApplication.java:756) ~[spring-boot-4.0.4.jar:4.0.4]
	at org.springframework.boot.SpringApplication.refreshContext(SpringApplication.java:445) ~[spring-boot-4.0.4.jar:4.0.4]
	at org.springframework.boot.SpringApplication.run(SpringApplication.java:321) ~[spring-boot-4.0.4.jar:4.0.4]
	at org.springframework.boot.SpringApplication.run(SpringApplication.java:1365) ~[spring-boot-4.0.4.jar:4.0.4]
	at org.springframework.boot.SpringApplication.run(SpringApplication.java:1354) ~[spring-boot-4.0.4.jar:4.0.4]
	at org.example.apijson.ApiJsonApplication.main(ApiJsonApplication.java:10) ~[classes/:na]
Caused by: java.sql.SQLIntegrityConstraintViolationException: Cannot add or update a child row: a foreign key constraint fails (`apirest`.`#sql-16bc_d0`, CONSTRAINT `FKen78ayfrm6vs2v60bk8h8esm8` FOREIGN KEY (`APPLICATION_NODE`) REFERENCES `application` (`ID`))
	at com.mysql.cj.jdbc.exceptions.SQLError.createSQLException(SQLError.java:109) ~[mysql-connector-j-9.6.0.jar:9.6.0]
	at com.mysql.cj.jdbc.exceptions.SQLExceptionsMapping.translateException(SQLExceptionsMapping.java:114) ~[mysql-connector-j-9.6.0.jar:9.6.0]
	at com.mysql.cj.jdbc.StatementImpl.executeInternal(StatementImpl.java:839) ~[mysql-connector-j-9.6.0.jar:9.6.0]
	at com.mysql.cj.jdbc.StatementImpl.execute(StatementImpl.java:687) ~[mysql-connector-j-9.6.0.jar:9.6.0]
	at com.zaxxer.hikari.pool.ProxyStatement.execute(ProxyStatement.java:95) ~[HikariCP-7.0.2.jar:na]
	at com.zaxxer.hikari.pool.HikariProxyStatement.execute(HikariProxyStatement.java) ~[HikariCP-7.0.2.jar:na]
	at org.hibernate.tool.schema.internal.exec.GenerationTargetToDatabase.accept(GenerationTargetToDatabase.java:76) ~[hibernate-core-7.2.7.Final.jar:7.2.7.Final]
	... 38 common frames omitted

2026-04-06T14:26:48.538+02:00  INFO 14932 --- [apijson] [main] j.LocalContainerEntityManagerFactoryBean : Initialized JPA EntityManagerFactory for persistence unit 'default'
2026-04-06T14:26:48.705+02:00  INFO 14932 --- [apijson] [main] o.s.d.j.r.query.QueryEnhancerFactories   : Hibernate is in classpath; If applicable, HQL parser will be used.
2026-04-06T14:26:50.271+02:00  INFO 14932 --- [apijson] [main] o.s.boot.tomcat.TomcatWebServer          : Tomcat started on port 8080 (http) with context path '/'
2026-04-06T14:26:50.281+02:00  INFO 14932 --- [apijson] [main] org.example.apijson.ApiJsonApplication   : Started ApiJsonApplication in 10.641 seconds (process running for 12.272)
2026-04-06T14:26:51.770+02:00  INFO 14932 --- [apijson] [http-nio-8080-exec-1] o.a.c.c.C.[Tomcat].[localhost].[/]       : Initializing Spring DispatcherServlet 'dispatcherServlet'
2026-04-06T14:26:51.772+02:00  INFO 14932 --- [apijson] [http-nio-8080-exec-1] o.s.web.servlet.DispatcherServlet        : Initializing Servlet 'dispatcherServlet'
2026-04-06T14:26:51.788+02:00  INFO 14932 --- [apijson] [http-nio-8080-exec-1] o.s.web.servlet.DispatcherServlet        : Completed initialization in 14 ms
2026-04-06T14:26:53.897+02:00  INFO 14932 --- [apijson] [http-nio-8080-exec-4] o.springdoc.api.AbstractOpenApiResource  : Init duration for springdoc-openapi is: 1111 ms
2026-04-06T14:29:23.523+02:00  INFO 14932 --- [apijson] [http-nio-8080-exec-10] o.e.a.Servicio.DeserializarService       : validación exitosa para el atributo 'indicators'
2026-04-06T14:29:54.488+02:00  INFO 14932 --- [apijson] [SpringApplicationShutdownHook] o.s.boot.tomcat.GracefulShutdown         : Commencing graceful shutdown. Waiting for active requests to complete
2026-04-06T14:29:54.501+02:00  INFO 14932 --- [apijson] [tomcat-shutdown] o.s.boot.tomcat.GracefulShutdown         : Graceful shutdown complete
2026-04-06T14:29:54.514+02:00  INFO 14932 --- [apijson] [SpringApplicationShutdownHook] j.LocalContainerEntityManagerFactoryBean : Closing JPA EntityManagerFactory for persistence unit 'default'
2026-04-06T14:29:54.518+02:00  INFO 14932 --- [apijson] [SpringApplicationShutdownHook] com.zaxxer.hikari.HikariDataSource       : HikariPool-1 - Shutdown initiated...
2026-04-06T14:29:54.530+02:00  INFO 14932 --- [apijson] [SpringApplicationShutdownHook] com.zaxxer.hikari.HikariDataSource       : HikariPool-1 - Shutdown completed.
2026-04-06T14:37:04.178+02:00  INFO 14596 --- [apijson] [main] org.example.apijson.ApiJsonApplication   : Starting ApiJsonApplication using Java 21.0.10 with PID 14596 (C:\Users\gvega\IdeaProjects\ApiJson\target\classes started by gvega in C:\Users\gvega\IdeaProjects\ApiJson)
2026-04-06T14:37:04.183+02:00  INFO 14596 --- [apijson] [main] org.example.apijson.ApiJsonApplication   : No active profile set, falling back to 1 default profile: "default"
2026-04-06T14:37:05.247+02:00  INFO 14596 --- [apijson] [main] .s.d.r.c.RepositoryConfigurationDelegate : Bootstrapping Spring Data JPA repositories in DEFAULT mode.
2026-04-06T14:37:05.332+02:00  INFO 14596 --- [apijson] [main] .s.d.r.c.RepositoryConfigurationDelegate : Finished Spring Data repository scanning in 72 ms. Found 4 JPA repository interfaces.
2026-04-06T14:37:05.899+02:00  INFO 14596 --- [apijson] [main] o.s.boot.tomcat.TomcatWebServer          : Tomcat initialized with port 8080 (http)
2026-04-06T14:37:05.917+02:00  INFO 14596 --- [apijson] [main] o.apache.catalina.core.StandardService   : Starting service [Tomcat]
2026-04-06T14:37:05.917+02:00  INFO 14596 --- [apijson] [main] o.apache.catalina.core.StandardEngine    : Starting Servlet engine: [Apache Tomcat/11.0.18]
2026-04-06T14:37:05.995+02:00  INFO 14596 --- [apijson] [main] b.w.c.s.WebApplicationContextInitializer : Root WebApplicationContext: initialization completed in 1745 ms
2026-04-06T14:37:06.252+02:00  INFO 14596 --- [apijson] [main] org.hibernate.orm.jpa                    : HHH008540: Processing PersistenceUnitInfo [name: default]
2026-04-06T14:37:06.336+02:00  INFO 14596 --- [apijson] [main] org.hibernate.orm.core                   : HHH000001: Hibernate ORM core version 7.2.7.Final
2026-04-06T14:37:06.961+02:00  INFO 14596 --- [apijson] [main] o.s.o.j.p.SpringPersistenceUnitInfo      : No LoadTimeWeaver setup: ignoring JPA class transformer
2026-04-06T14:37:07.016+02:00  INFO 14596 --- [apijson] [main] com.zaxxer.hikari.HikariDataSource       : HikariPool-1 - Starting...
2026-04-06T14:37:07.541+02:00  INFO 14596 --- [apijson] [main] com.zaxxer.hikari.pool.HikariPool        : HikariPool-1 - Added connection com.mysql.cj.jdbc.ConnectionImpl@24010875
2026-04-06T14:37:07.544+02:00  INFO 14596 --- [apijson] [main] com.zaxxer.hikari.HikariDataSource       : HikariPool-1 - Start completed.
2026-04-06T14:37:07.620+02:00  WARN 14596 --- [apijson] [main] org.hibernate.orm.deprecation            : HHH90000025: MySQLDialect does not need to be specified explicitly using 'hibernate.dialect' (remove the property setting and it will be selected by default)
2026-04-06T14:37:07.647+02:00  INFO 14596 --- [apijson] [main] org.hibernate.orm.connections.pooling    : HHH10001005: Database info:
	Database JDBC URL [jdbc:mysql://localhost:3306/apirest]
	Database driver: MySQL Connector/J
	Database dialect: MySQLDialect
	Database version: 8.0.45
	Default catalog/schema: apirest/undefined
	Autocommit mode: undefined/unknown
	Isolation level: REPEATABLE_READ [default REPEATABLE_READ]
	JDBC fetch size: none
	Pool: DataSourceConnectionProvider
	Minimum pool size: undefined/unknown
	Maximum pool size: undefined/unknown
2026-04-06T14:37:09.029+02:00  INFO 14596 --- [apijson] [main] org.hibernate.orm.core                   : HHH000489: No JTA platform available (set 'hibernate.transaction.jta.platform' to enable JTA platform integration)
2026-04-06T14:37:09.483+02:00  WARN 14596 --- [apijson] [main] o.h.t.s.i.ExceptionHandlerLoggedImpl     : GenerationTarget encountered exception accepting command : Error executing DDL "
    alter table config 
       modify column application_node varchar(255)" via JDBC [Cannot change column 'APPLICATION_NODE': used in a foreign key constraint 'FKen78ayfrm6vs2v60bk8h8esm8']

org.hibernate.tool.schema.spi.CommandAcceptanceException: Error executing DDL "
    alter table config 
       modify column application_node varchar(255)" via JDBC [Cannot change column 'APPLICATION_NODE': used in a foreign key constraint 'FKen78ayfrm6vs2v60bk8h8esm8']
	at org.hibernate.tool.schema.internal.exec.GenerationTargetToDatabase.accept(GenerationTargetToDatabase.java:81) ~[hibernate-core-7.2.7.Final.jar:7.2.7.Final]
	at org.hibernate.tool.schema.internal.AbstractSchemaMigrator.applySqlString(AbstractSchemaMigrator.java:566) ~[hibernate-core-7.2.7.Final.jar:7.2.7.Final]
	at org.hibernate.tool.schema.internal.AbstractSchemaMigrator.applySqlStrings(AbstractSchemaMigrator.java:506) ~[hibernate-core-7.2.7.Final.jar:7.2.7.Final]
	at org.hibernate.tool.schema.internal.AbstractSchemaMigrator.migrateTable(AbstractSchemaMigrator.java:324) ~[hibernate-core-7.2.7.Final.jar:7.2.7.Final]
	at org.hibernate.tool.schema.internal.GroupedSchemaMigratorImpl.performTablesMigration(GroupedSchemaMigratorImpl.java:84) ~[hibernate-core-7.2.7.Final.jar:7.2.7.Final]
	at org.hibernate.tool.schema.internal.AbstractSchemaMigrator.performMigration(AbstractSchemaMigrator.java:220) ~[hibernate-core-7.2.7.Final.jar:7.2.7.Final]
	at org.hibernate.tool.schema.internal.AbstractSchemaMigrator.doMigration(AbstractSchemaMigrator.java:96) ~[hibernate-core-7.2.7.Final.jar:7.2.7.Final]
	at org.hibernate.tool.schema.spi.SchemaManagementToolCoordinator.performDatabaseAction(SchemaManagementToolCoordinator.java:269) ~[hibernate-core-7.2.7.Final.jar:7.2.7.Final]
	at org.hibernate.tool.schema.spi.SchemaManagementToolCoordinator.lambda$process$1(SchemaManagementToolCoordinator.java:101) ~[hibernate-core-7.2.7.Final.jar:7.2.7.Final]
	at java.base/java.util.HashMap.forEach(HashMap.java:1429) ~[na:na]
	at org.hibernate.tool.schema.spi.SchemaManagementToolCoordinator.process(SchemaManagementToolCoordinator.java:100) ~[hibernate-core-7.2.7.Final.jar:7.2.7.Final]
	at org.hibernate.boot.internal.SessionFactoryObserverForSchemaExport.sessionFactoryCreated(SessionFactoryObserverForSchemaExport.java:35) ~[hibernate-core-7.2.7.Final.jar:7.2.7.Final]
	at org.hibernate.internal.SessionFactoryObserverChain.sessionFactoryCreated(SessionFactoryObserverChain.java:33) ~[hibernate-core-7.2.7.Final.jar:7.2.7.Final]
	at org.hibernate.internal.SessionFactoryImpl.<init>(SessionFactoryImpl.java:323) ~[hibernate-core-7.2.7.Final.jar:7.2.7.Final]
	at org.hibernate.internal.SessionFactoryRegistry.instantiateSessionFactory(SessionFactoryRegistry.java:64) ~[hibernate-core-7.2.7.Final.jar:7.2.7.Final]
	at org.hibernate.boot.internal.SessionFactoryBuilderImpl.build(SessionFactoryBuilderImpl.java:437) ~[hibernate-core-7.2.7.Final.jar:7.2.7.Final]
	at org.hibernate.jpa.boot.internal.EntityManagerFactoryBuilderImpl.build(EntityManagerFactoryBuilderImpl.java:1456) ~[hibernate-core-7.2.7.Final.jar:7.2.7.Final]
	at org.springframework.orm.jpa.vendor.SpringHibernateJpaPersistenceProvider.createContainerEntityManagerFactory(SpringHibernateJpaPersistenceProvider.java:93) ~[spring-orm-7.0.6.jar:7.0.6]
	at org.springframework.orm.jpa.LocalContainerEntityManagerFactoryBean.createNativeEntityManagerFactory(LocalContainerEntityManagerFactoryBean.java:443) ~[spring-orm-7.0.6.jar:7.0.6]
	at org.springframework.orm.jpa.AbstractEntityManagerFactoryBean.buildNativeEntityManagerFactory(AbstractEntityManagerFactoryBean.java:436) ~[spring-orm-7.0.6.jar:7.0.6]
	at org.springframework.orm.jpa.AbstractEntityManagerFactoryBean.afterPropertiesSet(AbstractEntityManagerFactoryBean.java:411) ~[spring-orm-7.0.6.jar:7.0.6]
	at org.springframework.orm.jpa.LocalContainerEntityManagerFactoryBean.afterPropertiesSet(LocalContainerEntityManagerFactoryBean.java:419) ~[spring-orm-7.0.6.jar:7.0.6]
	at org.springframework.beans.factory.support.AbstractAutowireCapableBeanFactory.invokeInitMethods(AbstractAutowireCapableBeanFactory.java:1864) ~[spring-beans-7.0.6.jar:7.0.6]
	at org.springframework.beans.factory.support.AbstractAutowireCapableBeanFactory.initializeBean(AbstractAutowireCapableBeanFactory.java:1813) ~[spring-beans-7.0.6.jar:7.0.6]
	at org.springframework.beans.factory.support.AbstractAutowireCapableBeanFactory.doCreateBean(AbstractAutowireCapableBeanFactory.java:603) ~[spring-beans-7.0.6.jar:7.0.6]
	at org.springframework.beans.factory.support.AbstractAutowireCapableBeanFactory.createBean(AbstractAutowireCapableBeanFactory.java:525) ~[spring-beans-7.0.6.jar:7.0.6]
	at org.springframework.beans.factory.support.AbstractBeanFactory.lambda$doGetBean$0(AbstractBeanFactory.java:333) ~[spring-beans-7.0.6.jar:7.0.6]
	at org.springframework.beans.factory.support.DefaultSingletonBeanRegistry.getSingleton(DefaultSingletonBeanRegistry.java:371) ~[spring-beans-7.0.6.jar:7.0.6]
	at org.springframework.beans.factory.support.AbstractBeanFactory.doGetBean(AbstractBeanFactory.java:331) ~[spring-beans-7.0.6.jar:7.0.6]
	at org.springframework.beans.factory.support.AbstractBeanFactory.getBean(AbstractBeanFactory.java:201) ~[spring-beans-7.0.6.jar:7.0.6]
	at org.springframework.context.support.AbstractApplicationContext.finishBeanFactoryInitialization(AbstractApplicationContext.java:977) ~[spring-context-7.0.6.jar:7.0.6]
	at org.springframework.context.support.AbstractApplicationContext.refresh(AbstractApplicationContext.java:621) ~[spring-context-7.0.6.jar:7.0.6]
	at org.springframework.boot.web.server.servlet.context.ServletWebServerApplicationContext.refresh(ServletWebServerApplicationContext.java:143) ~[spring-boot-web-server-4.0.4.jar:4.0.4]
	at org.springframework.boot.SpringApplication.refresh(SpringApplication.java:756) ~[spring-boot-4.0.4.jar:4.0.4]
	at org.springframework.boot.SpringApplication.refreshContext(SpringApplication.java:445) ~[spring-boot-4.0.4.jar:4.0.4]
	at org.springframework.boot.SpringApplication.run(SpringApplication.java:321) ~[spring-boot-4.0.4.jar:4.0.4]
	at org.springframework.boot.SpringApplication.run(SpringApplication.java:1365) ~[spring-boot-4.0.4.jar:4.0.4]
	at org.springframework.boot.SpringApplication.run(SpringApplication.java:1354) ~[spring-boot-4.0.4.jar:4.0.4]
	at org.example.apijson.ApiJsonApplication.main(ApiJsonApplication.java:10) ~[classes/:na]
Caused by: java.sql.SQLException: Cannot change column 'APPLICATION_NODE': used in a foreign key constraint 'FKen78ayfrm6vs2v60bk8h8esm8'
	at com.mysql.cj.jdbc.exceptions.SQLError.createSQLException(SQLError.java:121) ~[mysql-connector-j-9.6.0.jar:9.6.0]
	at com.mysql.cj.jdbc.exceptions.SQLExceptionsMapping.translateException(SQLExceptionsMapping.java:114) ~[mysql-connector-j-9.6.0.jar:9.6.0]
	at com.mysql.cj.jdbc.StatementImpl.executeInternal(StatementImpl.java:839) ~[mysql-connector-j-9.6.0.jar:9.6.0]
	at com.mysql.cj.jdbc.StatementImpl.execute(StatementImpl.java:687) ~[mysql-connector-j-9.6.0.jar:9.6.0]
	at com.zaxxer.hikari.pool.ProxyStatement.execute(ProxyStatement.java:95) ~[HikariCP-7.0.2.jar:na]
	at com.zaxxer.hikari.pool.HikariProxyStatement.execute(HikariProxyStatement.java) ~[HikariCP-7.0.2.jar:na]
	at org.hibernate.tool.schema.internal.exec.GenerationTargetToDatabase.accept(GenerationTargetToDatabase.java:76) ~[hibernate-core-7.2.7.Final.jar:7.2.7.Final]
	... 38 common frames omitted

2026-04-06T14:37:09.558+02:00  WARN 14596 --- [apijson] [main] o.h.t.s.i.ExceptionHandlerLoggedImpl     : GenerationTarget encountered exception accepting command : Error executing DDL "
    alter table config 
       modify column version_lock bigint" via JDBC [Cannot add or update a child row: a foreign key constraint fails (`apirest`.`#sql-16bc_da`, CONSTRAINT `FKen78ayfrm6vs2v60bk8h8esm8` FOREIGN KEY (`APPLICATION_NODE`) REFERENCES `application` (`ID`))]

org.hibernate.tool.schema.spi.CommandAcceptanceException: Error executing DDL "
    alter table config 
       modify column version_lock bigint" via JDBC [Cannot add or update a child row: a foreign key constraint fails (`apirest`.`#sql-16bc_da`, CONSTRAINT `FKen78ayfrm6vs2v60bk8h8esm8` FOREIGN KEY (`APPLICATION_NODE`) REFERENCES `application` (`ID`))]
	at org.hibernate.tool.schema.internal.exec.GenerationTargetToDatabase.accept(GenerationTargetToDatabase.java:81) ~[hibernate-core-7.2.7.Final.jar:7.2.7.Final]
	at org.hibernate.tool.schema.internal.AbstractSchemaMigrator.applySqlString(AbstractSchemaMigrator.java:566) ~[hibernate-core-7.2.7.Final.jar:7.2.7.Final]
	at org.hibernate.tool.schema.internal.AbstractSchemaMigrator.applySqlStrings(AbstractSchemaMigrator.java:506) ~[hibernate-core-7.2.7.Final.jar:7.2.7.Final]
	at org.hibernate.tool.schema.internal.AbstractSchemaMigrator.migrateTable(AbstractSchemaMigrator.java:324) ~[hibernate-core-7.2.7.Final.jar:7.2.7.Final]
	at org.hibernate.tool.schema.internal.GroupedSchemaMigratorImpl.performTablesMigration(GroupedSchemaMigratorImpl.java:84) ~[hibernate-core-7.2.7.Final.jar:7.2.7.Final]
	at org.hibernate.tool.schema.internal.AbstractSchemaMigrator.performMigration(AbstractSchemaMigrator.java:220) ~[hibernate-core-7.2.7.Final.jar:7.2.7.Final]
	at org.hibernate.tool.schema.internal.AbstractSchemaMigrator.doMigration(AbstractSchemaMigrator.java:96) ~[hibernate-core-7.2.7.Final.jar:7.2.7.Final]
	at org.hibernate.tool.schema.spi.SchemaManagementToolCoordinator.performDatabaseAction(SchemaManagementToolCoordinator.java:269) ~[hibernate-core-7.2.7.Final.jar:7.2.7.Final]
	at org.hibernate.tool.schema.spi.SchemaManagementToolCoordinator.lambda$process$1(SchemaManagementToolCoordinator.java:101) ~[hibernate-core-7.2.7.Final.jar:7.2.7.Final]
	at java.base/java.util.HashMap.forEach(HashMap.java:1429) ~[na:na]
	at org.hibernate.tool.schema.spi.SchemaManagementToolCoordinator.process(SchemaManagementToolCoordinator.java:100) ~[hibernate-core-7.2.7.Final.jar:7.2.7.Final]
	at org.hibernate.boot.internal.SessionFactoryObserverForSchemaExport.sessionFactoryCreated(SessionFactoryObserverForSchemaExport.java:35) ~[hibernate-core-7.2.7.Final.jar:7.2.7.Final]
	at org.hibernate.internal.SessionFactoryObserverChain.sessionFactoryCreated(SessionFactoryObserverChain.java:33) ~[hibernate-core-7.2.7.Final.jar:7.2.7.Final]
	at org.hibernate.internal.SessionFactoryImpl.<init>(SessionFactoryImpl.java:323) ~[hibernate-core-7.2.7.Final.jar:7.2.7.Final]
	at org.hibernate.internal.SessionFactoryRegistry.instantiateSessionFactory(SessionFactoryRegistry.java:64) ~[hibernate-core-7.2.7.Final.jar:7.2.7.Final]
	at org.hibernate.boot.internal.SessionFactoryBuilderImpl.build(SessionFactoryBuilderImpl.java:437) ~[hibernate-core-7.2.7.Final.jar:7.2.7.Final]
	at org.hibernate.jpa.boot.internal.EntityManagerFactoryBuilderImpl.build(EntityManagerFactoryBuilderImpl.java:1456) ~[hibernate-core-7.2.7.Final.jar:7.2.7.Final]
	at org.springframework.orm.jpa.vendor.SpringHibernateJpaPersistenceProvider.createContainerEntityManagerFactory(SpringHibernateJpaPersistenceProvider.java:93) ~[spring-orm-7.0.6.jar:7.0.6]
	at org.springframework.orm.jpa.LocalContainerEntityManagerFactoryBean.createNativeEntityManagerFactory(LocalContainerEntityManagerFactoryBean.java:443) ~[spring-orm-7.0.6.jar:7.0.6]
	at org.springframework.orm.jpa.AbstractEntityManagerFactoryBean.buildNativeEntityManagerFactory(AbstractEntityManagerFactoryBean.java:436) ~[spring-orm-7.0.6.jar:7.0.6]
	at org.springframework.orm.jpa.AbstractEntityManagerFactoryBean.afterPropertiesSet(AbstractEntityManagerFactoryBean.java:411) ~[spring-orm-7.0.6.jar:7.0.6]
	at org.springframework.orm.jpa.LocalContainerEntityManagerFactoryBean.afterPropertiesSet(LocalContainerEntityManagerFactoryBean.java:419) ~[spring-orm-7.0.6.jar:7.0.6]
	at org.springframework.beans.factory.support.AbstractAutowireCapableBeanFactory.invokeInitMethods(AbstractAutowireCapableBeanFactory.java:1864) ~[spring-beans-7.0.6.jar:7.0.6]
	at org.springframework.beans.factory.support.AbstractAutowireCapableBeanFactory.initializeBean(AbstractAutowireCapableBeanFactory.java:1813) ~[spring-beans-7.0.6.jar:7.0.6]
	at org.springframework.beans.factory.support.AbstractAutowireCapableBeanFactory.doCreateBean(AbstractAutowireCapableBeanFactory.java:603) ~[spring-beans-7.0.6.jar:7.0.6]
	at org.springframework.beans.factory.support.AbstractAutowireCapableBeanFactory.createBean(AbstractAutowireCapableBeanFactory.java:525) ~[spring-beans-7.0.6.jar:7.0.6]
	at org.springframework.beans.factory.support.AbstractBeanFactory.lambda$doGetBean$0(AbstractBeanFactory.java:333) ~[spring-beans-7.0.6.jar:7.0.6]
	at org.springframework.beans.factory.support.DefaultSingletonBeanRegistry.getSingleton(DefaultSingletonBeanRegistry.java:371) ~[spring-beans-7.0.6.jar:7.0.6]
	at org.springframework.beans.factory.support.AbstractBeanFactory.doGetBean(AbstractBeanFactory.java:331) ~[spring-beans-7.0.6.jar:7.0.6]
	at org.springframework.beans.factory.support.AbstractBeanFactory.getBean(AbstractBeanFactory.java:201) ~[spring-beans-7.0.6.jar:7.0.6]
	at org.springframework.context.support.AbstractApplicationContext.finishBeanFactoryInitialization(AbstractApplicationContext.java:977) ~[spring-context-7.0.6.jar:7.0.6]
	at org.springframework.context.support.AbstractApplicationContext.refresh(AbstractApplicationContext.java:621) ~[spring-context-7.0.6.jar:7.0.6]
	at org.springframework.boot.web.server.servlet.context.ServletWebServerApplicationContext.refresh(ServletWebServerApplicationContext.java:143) ~[spring-boot-web-server-4.0.4.jar:4.0.4]
	at org.springframework.boot.SpringApplication.refresh(SpringApplication.java:756) ~[spring-boot-4.0.4.jar:4.0.4]
	at org.springframework.boot.SpringApplication.refreshContext(SpringApplication.java:445) ~[spring-boot-4.0.4.jar:4.0.4]
	at org.springframework.boot.SpringApplication.run(SpringApplication.java:321) ~[spring-boot-4.0.4.jar:4.0.4]
	at org.springframework.boot.SpringApplication.run(SpringApplication.java:1365) ~[spring-boot-4.0.4.jar:4.0.4]
	at org.springframework.boot.SpringApplication.run(SpringApplication.java:1354) ~[spring-boot-4.0.4.jar:4.0.4]
	at org.example.apijson.ApiJsonApplication.main(ApiJsonApplication.java:10) ~[classes/:na]
Caused by: java.sql.SQLIntegrityConstraintViolationException: Cannot add or update a child row: a foreign key constraint fails (`apirest`.`#sql-16bc_da`, CONSTRAINT `FKen78ayfrm6vs2v60bk8h8esm8` FOREIGN KEY (`APPLICATION_NODE`) REFERENCES `application` (`ID`))
	at com.mysql.cj.jdbc.exceptions.SQLError.createSQLException(SQLError.java:109) ~[mysql-connector-j-9.6.0.jar:9.6.0]
	at com.mysql.cj.jdbc.exceptions.SQLExceptionsMapping.translateException(SQLExceptionsMapping.java:114) ~[mysql-connector-j-9.6.0.jar:9.6.0]
	at com.mysql.cj.jdbc.StatementImpl.executeInternal(StatementImpl.java:839) ~[mysql-connector-j-9.6.0.jar:9.6.0]
	at com.mysql.cj.jdbc.StatementImpl.execute(StatementImpl.java:687) ~[mysql-connector-j-9.6.0.jar:9.6.0]
	at com.zaxxer.hikari.pool.ProxyStatement.execute(ProxyStatement.java:95) ~[HikariCP-7.0.2.jar:na]
	at com.zaxxer.hikari.pool.HikariProxyStatement.execute(HikariProxyStatement.java) ~[HikariCP-7.0.2.jar:na]
	at org.hibernate.tool.schema.internal.exec.GenerationTargetToDatabase.accept(GenerationTargetToDatabase.java:76) ~[hibernate-core-7.2.7.Final.jar:7.2.7.Final]
	... 38 common frames omitted

2026-04-06T14:37:09.596+02:00  INFO 14596 --- [apijson] [main] j.LocalContainerEntityManagerFactoryBean : Initialized JPA EntityManagerFactory for persistence unit 'default'
2026-04-06T14:37:09.712+02:00  INFO 14596 --- [apijson] [main] o.s.d.j.r.query.QueryEnhancerFactories   : Hibernate is in classpath; If applicable, HQL parser will be used.
2026-04-06T14:37:10.934+02:00  INFO 14596 --- [apijson] [main] o.s.boot.tomcat.TomcatWebServer          : Tomcat started on port 8080 (http) with context path '/'
2026-04-06T14:37:10.939+02:00  INFO 14596 --- [apijson] [main] org.example.apijson.ApiJsonApplication   : Started ApiJsonApplication in 7.5 seconds (process running for 8.61)
2026-04-06T14:39:32.397+02:00  INFO 14596 --- [apijson] [http-nio-8080-exec-1] o.a.c.c.C.[Tomcat].[localhost].[/]       : Initializing Spring DispatcherServlet 'dispatcherServlet'
2026-04-06T14:39:32.397+02:00  INFO 14596 --- [apijson] [http-nio-8080-exec-1] o.s.web.servlet.DispatcherServlet        : Initializing Servlet 'dispatcherServlet'
2026-04-06T14:39:32.399+02:00  INFO 14596 --- [apijson] [http-nio-8080-exec-1] o.s.web.servlet.DispatcherServlet        : Completed initialization in 2 ms
2026-04-06T14:39:33.323+02:00  INFO 14596 --- [apijson] [http-nio-8080-exec-4] o.springdoc.api.AbstractOpenApiResource  : Init duration for springdoc-openapi is: 631 ms
2026-04-06T14:43:48.014+02:00  INFO 14596 --- [apijson] [http-nio-8080-exec-2] o.e.a.Servicio.DeserializarService       : validación exitosa para el atributo 'indicators'
2026-04-06T14:45:21.286+02:00  INFO 14596 --- [apijson] [SpringApplicationShutdownHook] o.s.boot.tomcat.GracefulShutdown         : Commencing graceful shutdown. Waiting for active requests to complete
2026-04-06T14:45:21.297+02:00  INFO 14596 --- [apijson] [tomcat-shutdown] o.s.boot.tomcat.GracefulShutdown         : Graceful shutdown complete
2026-04-06T14:45:21.304+02:00  INFO 14596 --- [apijson] [SpringApplicationShutdownHook] j.LocalContainerEntityManagerFactoryBean : Closing JPA EntityManagerFactory for persistence unit 'default'
2026-04-06T14:45:21.308+02:00  INFO 14596 --- [apijson] [SpringApplicationShutdownHook] com.zaxxer.hikari.HikariDataSource       : HikariPool-1 - Shutdown initiated...
2026-04-06T14:45:21.319+02:00  INFO 14596 --- [apijson] [SpringApplicationShutdownHook] com.zaxxer.hikari.HikariDataSource       : HikariPool-1 - Shutdown completed.
